20210102014436,http://web.archive.org/web/20210102014436/https://www.foxnews.com/category/us/crime
20210103023943,http://web.archive.org/web/20210103023943/https://www.foxnews.com/category/us/crime
20210103221942,http://web.archive.org/web/20210103221942/https://www.foxnews.com/category/us/crime
20210104210037,http://web.archive.org/web/20210104210037/https://www.foxnews.com/category/us/crime
20210105205139,http://web.archive.org/web/20210105205139/https://www.foxnews.com/category/us/crime
20210106161645,http://web.archive.org/web/20210106161645/https://www.foxnews.com/category/us/crime
20210107184259,http://web.archive.org/web/20210107184259/https://www.foxnews.com/category/us/crime
20210108230815,http://web.archive.org/web/20210108230815/https://www.foxnews.com/category/us/crime
20210109230201,http://web.archive.org/web/20210109230201/https://www.foxnews.com/category/us/crime
20210110235357,http://web.archive.org/web/20210110235357/https://www.foxnews.com/category/us/crime
20210112211435,http://web.archive.org/web/20210112211435/https://www.foxnews.com/category/us/crime
20210113230422,http://web.archive.org/web/20210113230422/https://www.foxnews.com/category/us/crime
20210114112201,http://web.archive.org/web/20210114112201/https://www.foxnews.com/category/us/crime
20210116015113,http://web.archive.org/web/20210116015113/https://www.foxnews.com/category/us/crime
20210116202152,http://web.archive.org/web/20210116202152/https://www.foxnews.com/category/us/crime
20210118064447,http://web.archive.org/web/20210118064447/https://www.foxnews.com/category/us/crime
20210119053057,http://web.archive.org/web/20210119053057/https://www.foxnews.com/category/us/crime
20210119234010,http://web.archive.org/web/20210119234010/https://www.foxnews.com/category/us/crime
20210121004934,http://web.archive.org/web/20210121004934/https://www.foxnews.com/category/us/crime
20210121111525,http://web.archive.org/web/20210121111525/https://www.foxnews.com/category/us/crime
20210122121641,http://web.archive.org/web/20210122121641/https://www.foxnews.com/category/us/crime
20210123133859,http://web.archive.org/web/20210123133859/https://www.foxnews.com/category/us/crime
20210124162703,http://web.archive.org/web/20210124162703/https://www.foxnews.com/category/us/crime
20210125190555,http://web.archive.org/web/20210125190555/https://www.foxnews.com/category/us/crime
20210126025053,http://web.archive.org/web/20210126025053/https://www.foxnews.com/category/us/crime
20210127225431,http://web.archive.org/web/20210127225431/https://www.foxnews.com/category/us/crime
20210128231922,http://web.archive.org/web/20210128231922/https://www.foxnews.com/category/us/crime
20210129235159,http://web.archive.org/web/20210129235159/https://www.foxnews.com/category/us/crime
20210131024924,http://web.archive.org/web/20210131024924/https://www.foxnews.com/category/us/crime
20210201050702,http://web.archive.org/web/20210201050702/https://www.foxnews.com/category/us/crime
20210201212148,http://web.archive.org/web/20210201212148/https://www.foxnews.com/category/us/crime
20210202203701,http://web.archive.org/web/20210202203701/https://www.foxnews.com/category/us/crime
20210203192205,http://web.archive.org/web/20210203192205/https://www.foxnews.com/category/us/crime
20210204203744,http://web.archive.org/web/20210204203744/https://www.foxnews.com/category/us/crime
20210205215107,http://web.archive.org/web/20210205215107/https://www.foxnews.com/category/us/crime
20210206220631,http://web.archive.org/web/20210206220631/https://www.foxnews.com/category/us/crime
20210207220804,http://web.archive.org/web/20210207220804/https://www.foxnews.com/category/us/crime
20210208224322,http://web.archive.org/web/20210208224322/https://www.foxnews.com/category/us/crime
20210209124954,http://web.archive.org/web/20210209124954/https://www.foxnews.com/category/us/crime
20210210222847,http://web.archive.org/web/20210210222847/https://www.foxnews.com/category/us/crime
20210211223513,http://web.archive.org/web/20210211223513/https://www.foxnews.com/category/us/crime
20210213012151,http://web.archive.org/web/20210213012151/https://www.foxnews.com/category/us/crime
20210213223711,http://web.archive.org/web/20210213223711/https://www.foxnews.com/category/us/crime
20210215000132,http://web.archive.org/web/20210215000132/https://www.foxnews.com/category/us/crime
20210215154322,http://web.archive.org/web/20210215154322/https://www.foxnews.com/category/us/crime
20210216103840,http://web.archive.org/web/20210216103840/https://www.foxnews.com/category/us/crime
20210217220715,http://web.archive.org/web/20210217220715/https://www.foxnews.com/category/us/crime
20210218165319,http://web.archive.org/web/20210218165319/https://www.foxnews.com/category/us/crime
20210219150636,http://web.archive.org/web/20210219150636/https://www.foxnews.com/category/us/crime
20210221014846,http://web.archive.org/web/20210221014846/https://www.foxnews.com/category/us/crime
20210222022954,http://web.archive.org/web/20210222022954/https://www.foxnews.com/category/us/crime
20210222225144,http://web.archive.org/web/20210222225144/https://www.foxnews.com/category/us/crime
20210223215059,http://web.archive.org/web/20210223215059/https://www.foxnews.com/category/us/crime
20210224222027,http://web.archive.org/web/20210224222027/https://www.foxnews.com/category/us/crime
20210225210812,http://web.archive.org/web/20210225210812/https://www.foxnews.com/category/us/crime
20210226050748,http://web.archive.org/web/20210226050748/https://www.foxnews.com/category/us/crime
20210227162216,http://web.archive.org/web/20210227162216/https://www.foxnews.com/category/us/crime
20210228162720,http://web.archive.org/web/20210228162720/https://www.foxnews.com/category/us/crime
20210302013814,http://web.archive.org/web/20210302013814/https://www.foxnews.com/category/us/crime
20210303005004,http://web.archive.org/web/20210303005004/https://www.foxnews.com/category/us/crime
20210305000913,http://web.archive.org/web/20210305000913/https://www.foxnews.com/category/us/crime
20210305130837,http://web.archive.org/web/20210305130837/https://www.foxnews.com/category/us/crime
20210306215352,http://web.archive.org/web/20210306215352/https://www.foxnews.com/category/us/crime
20210307225232,http://web.archive.org/web/20210307225232/https://www.foxnews.com/category/us/crime
20210309013510,http://web.archive.org/web/20210309013510/https://www.foxnews.com/category/us/crime
20210309175657,http://web.archive.org/web/20210309175657/https://www.foxnews.com/category/us/crime
20210310180933,http://web.archive.org/web/20210310180933/https://www.foxnews.com/category/us/crime
20210311220936,http://web.archive.org/web/20210311220936/https://www.foxnews.com/category/us/crime
20210313231833,http://web.archive.org/web/20210313231833/https://www.foxnews.com/category/us/crime
20210314173655,http://web.archive.org/web/20210314173655/https://www.foxnews.com/category/us/crime
20210315225544,http://web.archive.org/web/20210315225544/https://www.foxnews.com/category/us/crime
20210317015036,http://web.archive.org/web/20210317015036/https://www.foxnews.com/category/us/crime
20210317232503,http://web.archive.org/web/20210317232503/https://www.foxnews.com/category/us/crime
20210318093538,http://web.archive.org/web/20210318093538/https://www.foxnews.com/category/us/crime
20210319235220,http://web.archive.org/web/20210319235220/https://www.foxnews.com/category/us/crime
20210320185055,http://web.archive.org/web/20210320185055/https://www.foxnews.com/category/us/crime
20210321190805,http://web.archive.org/web/20210321190805/https://www.foxnews.com/category/us/crime
20210322223827,http://web.archive.org/web/20210322223827/https://www.foxnews.com/category/us/crime
20210324015241,http://web.archive.org/web/20210324015241/https://www.foxnews.com/category/us/crime
20210324233911,http://web.archive.org/web/20210324233911/https://www.foxnews.com/category/us/crime
20210325221708,http://web.archive.org/web/20210325221708/https://www.foxnews.com/category/us/crime
20210326233701,http://web.archive.org/web/20210326233701/https://www.foxnews.com/category/us/crime
20210327233610,http://web.archive.org/web/20210327233610/https://www.foxnews.com/category/us/crime
20210329003718,http://web.archive.org/web/20210329003718/https://www.foxnews.com/category/us/crime
20210329150836,http://web.archive.org/web/20210329150836/https://www.foxnews.com/category/us/crime
20210330024738,http://web.archive.org/web/20210330024738/https://www.foxnews.com/category/us/crime
20210331235340,http://web.archive.org/web/20210331235340/https://www.foxnews.com/category/us/crime
20210401230706,http://web.archive.org/web/20210401230706/https://www.foxnews.com/category/us/crime
20210402123931,http://web.archive.org/web/20210402123931/https://www.foxnews.com/category/us/crime
20210403202112,http://web.archive.org/web/20210403202112/https://www.foxnews.com/category/us/crime
20210404152718,http://web.archive.org/web/20210404152718/https://www.foxnews.com/category/us/crime
20210406023910,http://web.archive.org/web/20210406023910/https://www.foxnews.com/category/us/crime
20210406073826,http://web.archive.org/web/20210406073826/https://www.foxnews.com/category/us/crime
20210407233659,http://web.archive.org/web/20210407233659/https://www.foxnews.com/category/us/crime
20210408235309,http://web.archive.org/web/20210408235309/https://www.foxnews.com/category/us/crime
20210409223541,http://web.archive.org/web/20210409223541/https://www.foxnews.com/category/us/crime
20210410191626,http://web.archive.org/web/20210410191626/https://www.foxnews.com/category/us/crime
20210411201415,http://web.archive.org/web/20210411201415/https://www.foxnews.com/category/us/crime
20210412210430,http://web.archive.org/web/20210412210430/https://www.foxnews.com/category/us/crime
20210413215704,http://web.archive.org/web/20210413215704/https://www.foxnews.com/category/us/crime
20210414124740,http://web.archive.org/web/20210414124740/https://www.foxnews.com/category/us/crime
20210416000212,http://web.archive.org/web/20210416000212/https://www.foxnews.com/category/us/crime
20210416232914,http://web.archive.org/web/20210416232914/https://www.foxnews.com/category/us/crime
20210418023329,http://web.archive.org/web/20210418023329/https://www.foxnews.com/category/us/crime
20210419033501,http://web.archive.org/web/20210419033501/https://www.foxnews.com/category/us/crime
20210419194040,http://web.archive.org/web/20210419194040/https://www.foxnews.com/category/us/crime
20210421000148,http://web.archive.org/web/20210421000148/https://www.foxnews.com/category/us/crime
20210422072752,http://web.archive.org/web/20210422072752/https://www.foxnews.com/category/us/crime
20210422192135,http://web.archive.org/web/20210422192135/https://www.foxnews.com/category/us/crime
20210423211530,http://web.archive.org/web/20210423211530/https://www.foxnews.com/category/us/crime
20210424224009,http://web.archive.org/web/20210424224009/https://www.foxnews.com/category/us/crime
20210426020515,http://web.archive.org/web/20210426020515/https://www.foxnews.com/category/us/crime
20210427003559,http://web.archive.org/web/20210427003559/https://www.foxnews.com/category/us/crime
20210427232104,http://web.archive.org/web/20210427232104/https://www.foxnews.com/category/us/crime
20210428212309,http://web.archive.org/web/20210428212309/https://www.foxnews.com/category/us/crime
20210429201001,http://web.archive.org/web/20210429201001/https://www.foxnews.com/category/us/crime
20210430223712,http://web.archive.org/web/20210430223712/https://www.foxnews.com/category/us/crime
20210501225700,http://web.archive.org/web/20210501225700/https://www.foxnews.com/category/us/crime
20210502163214,http://web.archive.org/web/20210502163214/https://www.foxnews.com/category/us/crime
20210503230806,http://web.archive.org/web/20210503230806/https://www.foxnews.com/category/us/crime
20210504220926,http://web.archive.org/web/20210504220926/https://www.foxnews.com/category/us/crime
20210506012059,http://web.archive.org/web/20210506012059/https://www.foxnews.com/category/us/crime
20210507002200,http://web.archive.org/web/20210507002200/https://www.foxnews.com/category/us/crime
20210507222442,http://web.archive.org/web/20210507222442/https://www.foxnews.com/category/us/crime
20210508225801,http://web.archive.org/web/20210508225801/https://www.foxnews.com/category/us/crime
20210510012724,http://web.archive.org/web/20210510012724/https://www.foxnews.com/category/us/crime
20210511013542,http://web.archive.org/web/20210511013542/https://www.foxnews.com/category/us/crime
20210511230847,http://web.archive.org/web/20210511230847/https://www.foxnews.com/category/us/crime
20210513010644,http://web.archive.org/web/20210513010644/https://www.foxnews.com/category/us/crime
20210513042348,http://web.archive.org/web/20210513042348/https://www.foxnews.com/category/us/crime
20210514105625,http://web.archive.org/web/20210514105625/https://www.foxnews.com/category/us/crime
20210515231828,http://web.archive.org/web/20210515231828/https://www.foxnews.com/category/us/crime
20210516224958,http://web.archive.org/web/20210516224958/https://www.foxnews.com/category/us/crime
20210517234421,http://web.archive.org/web/20210517234421/https://www.foxnews.com/category/us/crime
20210518220223,http://web.archive.org/web/20210518220223/https://www.foxnews.com/category/us/crime
20210520004953,http://web.archive.org/web/20210520004953/https://www.foxnews.com/category/us/crime
20210521000202,http://web.archive.org/web/20210521000202/https://www.foxnews.com/category/us/crime
20210522000922,http://web.archive.org/web/20210522000922/https://www.foxnews.com/category/us/crime
20210523000729,http://web.archive.org/web/20210523000729/https://www.foxnews.com/category/us/crime
20210523190852,http://web.archive.org/web/20210523190852/https://www.foxnews.com/category/us/crime
20210524213520,http://web.archive.org/web/20210524213520/https://www.foxnews.com/category/us/crime
20210525235325,http://web.archive.org/web/20210525235325/https://www.foxnews.com/category/us/crime
20210527002254,http://web.archive.org/web/20210527002254/https://www.foxnews.com/category/us/crime
20210527233720,http://web.archive.org/web/20210527233720/https://www.foxnews.com/category/us/crime
20210528074639,http://web.archive.org/web/20210528074639/https://www.foxnews.com/category/us/crime
20210530080903,http://web.archive.org/web/20210530080903/https://www.foxnews.com/category/us/crime
20210530222953,http://web.archive.org/web/20210530222953/https://www.foxnews.com/category/us/crime
20210531225448,http://web.archive.org/web/20210531225448/https://www.foxnews.com/category/us/crime
20210601235201,http://web.archive.org/web/20210601235201/https://www.foxnews.com/category/us/crime
20210603005059,http://web.archive.org/web/20210603005059/https://www.foxnews.com/category/us/crime
20210603230700,http://web.archive.org/web/20210603230700/https://www.foxnews.com/category/us/crime
20210605020609,http://web.archive.org/web/20210605020609/https://www.foxnews.com/category/us/crime
20210606012352,http://web.archive.org/web/20210606012352/https://www.foxnews.com/category/us/crime
20210606225107,http://web.archive.org/web/20210606225107/https://www.foxnews.com/category/us/crime
20210607225120,http://web.archive.org/web/20210607225120/https://www.foxnews.com/category/us/crime
20210608232452,http://web.archive.org/web/20210608232452/https://www.foxnews.com/category/us/crime
20210609185157,http://web.archive.org/web/20210609185157/https://www.foxnews.com/category/us/crime
20210610071633,http://web.archive.org/web/20210610071633/https://www.foxnews.com/category/us/crime
20210611120455,http://web.archive.org/web/20210611120455/https://www.foxnews.com/category/us/crime
20210611223848,http://web.archive.org/web/20210611223848/https://www.foxnews.com/category/us/crime
20210614001959,http://web.archive.org/web/20210614001959/https://www.foxnews.com/category/us/crime
20210615003446,http://web.archive.org/web/20210615003446/https://www.foxnews.com/category/us/crime
20210615053618,http://web.archive.org/web/20210615053618/https://www.foxnews.com/category/us/crime
20210617014514,http://web.archive.org/web/20210617014514/https://www.foxnews.com/category/us/crime
20210617054147,http://web.archive.org/web/20210617054147/https://www.foxnews.com/category/us/crime
20210618193536,http://web.archive.org/web/20210618193536/https://www.foxnews.com/category/us/crime
20210620004242,http://web.archive.org/web/20210620004242/https://www.foxnews.com/category/us/crime
20210620235008,http://web.archive.org/web/20210620235008/https://www.foxnews.com/category/us/crime
20210621112052,http://web.archive.org/web/20210621112052/https://www.foxnews.com/category/us/crime
20210622230928,http://web.archive.org/web/20210622230928/https://www.foxnews.com/category/us/crime
20210623232339,http://web.archive.org/web/20210623232339/https://www.foxnews.com/category/us/crime
20210625005026,http://web.archive.org/web/20210625005026/https://www.foxnews.com/category/us/crime
20210626230845,http://web.archive.org/web/20210626230845/https://www.foxnews.com/category/us/crime
20210627224000,http://web.archive.org/web/20210627224000/https://www.foxnews.com/category/us/crime
20210628225346,http://web.archive.org/web/20210628225346/https://www.foxnews.com/category/us/crime
20210629231853,http://web.archive.org/web/20210629231853/https://www.foxnews.com/category/us/crime
20210701002419,http://web.archive.org/web/20210701002419/https://www.foxnews.com/category/us/crime
20210701213459,http://web.archive.org/web/20210701213459/https://www.foxnews.com/category/us/crime
20210702234940,http://web.archive.org/web/20210702234940/https://www.foxnews.com/category/us/crime
20210703222021,http://web.archive.org/web/20210703222021/https://www.foxnews.com/category/us/crime
20210704195334,http://web.archive.org/web/20210704195334/https://www.foxnews.com/category/us/crime
20210705163742,http://web.archive.org/web/20210705163742/https://www.foxnews.com/category/us/crime
20210706233742,http://web.archive.org/web/20210706233742/https://www.foxnews.com/category/us/crime
20210707233613,http://web.archive.org/web/20210707233613/https://www.foxnews.com/category/us/crime
20210709001840,http://web.archive.org/web/20210709001840/https://www.foxnews.com/category/us/crime
20210709223512,http://web.archive.org/web/20210709223512/https://www.foxnews.com/category/us/crime
20210710114944,http://web.archive.org/web/20210710114944/https://www.foxnews.com/category/us/crime
20210712001544,http://web.archive.org/web/20210712001544/https://www.foxnews.com/category/us/crime
20210712222329,http://web.archive.org/web/20210712222329/https://www.foxnews.com/category/us/crime
20210713232032,http://web.archive.org/web/20210713232032/https://www.foxnews.com/category/us/crime
20210715003427,http://web.archive.org/web/20210715003427/https://www.foxnews.com/category/us/crime
20210715235340,http://web.archive.org/web/20210715235340/https://www.foxnews.com/category/us/crime
20210716232154,http://web.archive.org/web/20210716232154/https://www.foxnews.com/category/us/crime
20210717234229,http://web.archive.org/web/20210717234229/https://www.foxnews.com/category/us/crime
20210719004133,http://web.archive.org/web/20210719004133/https://www.foxnews.com/category/us/crime
20210720182102,http://web.archive.org/web/20210720182102/https://www.foxnews.com/category/us/crime
20210721233945,http://web.archive.org/web/20210721233945/https://www.foxnews.com/category/us/crime
20210722215248,http://web.archive.org/web/20210722215248/https://www.foxnews.com/category/us/crime
20210723235440,http://web.archive.org/web/20210723235440/https://www.foxnews.com/category/us/crime
20210724222133,http://web.archive.org/web/20210724222133/https://www.foxnews.com/category/us/crime
20210725232956,http://web.archive.org/web/20210725232956/https://www.foxnews.com/category/us/crime
20210726064211,http://web.archive.org/web/20210726064211/https://www.foxnews.com/category/us/crime
20210727235234,http://web.archive.org/web/20210727235234/https://www.foxnews.com/category/us/crime
20210729000817,http://web.archive.org/web/20210729000817/https://www.foxnews.com/category/us/crime
20210729223940,http://web.archive.org/web/20210729223940/https://www.foxnews.com/category/us/crime
20210730231956,http://web.archive.org/web/20210730231956/https://www.foxnews.com/category/us/crime
20210801003553,http://web.archive.org/web/20210801003553/https://www.foxnews.com/category/us/crime
20210801182216,http://web.archive.org/web/20210801182216/https://www.foxnews.com/category/us/crime
20210803011948,http://web.archive.org/web/20210803011948/https://www.foxnews.com/category/us/crime
20210803235445,http://web.archive.org/web/20210803235445/https://www.foxnews.com/category/us/crime
20210805000346,http://web.archive.org/web/20210805000346/https://www.foxnews.com/category/us/crime
20210805223912,http://web.archive.org/web/20210805223912/https://www.foxnews.com/category/us/crime
20210806172056,http://web.archive.org/web/20210806172056/https://www.foxnews.com/category/us/crime
20210808004951,http://web.archive.org/web/20210808004951/https://www.foxnews.com/category/us/crime
20210809232421,http://web.archive.org/web/20210809232421/https://www.foxnews.com/category/us/crime
20210811003148,http://web.archive.org/web/20210811003148/https://www.foxnews.com/category/us/crime
20210811222117,http://web.archive.org/web/20210811222117/https://www.foxnews.com/category/us/crime
20210812162114,http://web.archive.org/web/20210812162114/https://www.foxnews.com/category/us/crime
20210813193704,http://web.archive.org/web/20210813193704/https://www.foxnews.com/category/us/crime
20210814225828,http://web.archive.org/web/20210814225828/https://www.foxnews.com/category/us/crime
20210815162334,http://web.archive.org/web/20210815162334/https://www.foxnews.com/category/us/crime
20210816203604,http://web.archive.org/web/20210816203604/https://www.foxnews.com/category/us/crime
20210817170637,http://web.archive.org/web/20210817170637/https://www.foxnews.com/category/us/crime
20210819033534,http://web.archive.org/web/20210819033534/https://www.foxnews.com/category/us/crime
20210820011215,http://web.archive.org/web/20210820011215/https://www.foxnews.com/category/us/crime
20210821002229,http://web.archive.org/web/20210821002229/https://www.foxnews.com/category/us/crime
20210821192404,http://web.archive.org/web/20210821192404/https://www.foxnews.com/category/us/crime
20210822152120,http://web.archive.org/web/20210822152120/https://www.foxnews.com/category/us/crime
20210823123056,http://web.archive.org/web/20210823123056/https://www.foxnews.com/category/us/crime
20210825003951,http://web.archive.org/web/20210825003951/https://www.foxnews.com/category/us/crime
20210825213850,http://web.archive.org/web/20210825213850/https://www.foxnews.com/category/us/crime
20210827002041,http://web.archive.org/web/20210827002041/https://www.foxnews.com/category/us/crime
20210827232104,http://web.archive.org/web/20210827232104/https://www.foxnews.com/category/us/crime
20210828230221,http://web.archive.org/web/20210828230221/https://www.foxnews.com/category/us/crime
20210829235444,http://web.archive.org/web/20210829235444/https://www.foxnews.com/category/us/crime
20210831004947,http://web.archive.org/web/20210831004947/https://www.foxnews.com/category/us/crime
20210831223714,http://web.archive.org/web/20210831223714/https://www.foxnews.com/category/us/crime
20210901235013,http://web.archive.org/web/20210901235013/https://www.foxnews.com/category/us/crime
20210902233520,http://web.archive.org/web/20210902233520/https://www.foxnews.com/category/us/crime
20210903232152,http://web.archive.org/web/20210903232152/https://www.foxnews.com/category/us/crime
20210905013844,http://web.archive.org/web/20210905013844/https://www.foxnews.com/category/us/crime
20210905084452,http://web.archive.org/web/20210905084452/https://www.foxnews.com/category/us/crime
20210906092900,http://web.archive.org/web/20210906092900/https://www.foxnews.com/category/us/crime
20210908012133,http://web.archive.org/web/20210908012133/https://www.foxnews.com/category/us/crime
20210908232152,http://web.archive.org/web/20210908232152/https://www.foxnews.com/category/us/crime
20210909213610,http://web.archive.org/web/20210909213610/https://www.foxnews.com/category/us/crime
20210910233526,http://web.archive.org/web/20210910233526/https://www.foxnews.com/category/us/crime
20210911160514,http://web.archive.org/web/20210911160514/https://www.foxnews.com/category/us/crime
20210912135301,http://web.archive.org/web/20210912135301/https://www.foxnews.com/category/us/crime
20210914013712,http://web.archive.org/web/20210914013712/https://www.foxnews.com/category/us/crime
20210915002352,http://web.archive.org/web/20210915002352/https://www.foxnews.com/category/us/crime
20210915135224,http://web.archive.org/web/20210915135224/https://www.foxnews.com/category/us/crime
20210916235957,http://web.archive.org/web/20210916235957/https://www.foxnews.com/category/us/crime
20210918002313,http://web.archive.org/web/20210918002313/https://www.foxnews.com/category/us/crime
20210918232641,http://web.archive.org/web/20210918232641/https://www.foxnews.com/category/us/crime
20210919213508,http://web.archive.org/web/20210919213508/https://www.foxnews.com/category/us/crime
20210920233303,http://web.archive.org/web/20210920233303/https://www.foxnews.com/category/us/crime
20210921032229,http://web.archive.org/web/20210921032229/https://www.foxnews.com/category/us/crime
20210922235944,http://web.archive.org/web/20210922235944/https://www.foxnews.com/category/us/crime
20210923130838,http://web.archive.org/web/20210923130838/https://www.foxnews.com/category/us/crime
20210924173701,http://web.archive.org/web/20210924173701/https://www.foxnews.com/category/us/crime
20210925230928,http://web.archive.org/web/20210925230928/https://www.foxnews.com/category/us/crime
20210926235134,http://web.archive.org/web/20210926235134/https://www.foxnews.com/category/us/crime
20210927222240,http://web.archive.org/web/20210927222240/https://www.foxnews.com/category/us/crime
20210928222144,http://web.archive.org/web/20210928222144/https://www.foxnews.com/category/us/crime
20211001000857,http://web.archive.org/web/20211001000857/https://www.foxnews.com/category/us/crime
20211001153739,http://web.archive.org/web/20211001153739/https://www.foxnews.com/category/us/crime
20211002140615,http://web.archive.org/web/20211002140615/https://www.foxnews.com/category/us/crime
20211003215357,http://web.archive.org/web/20211003215357/https://www.foxnews.com/category/us/crime
20211004195051,http://web.archive.org/web/20211004195051/https://www.foxnews.com/category/us/crime
20211006001942,http://web.archive.org/web/20211006001942/https://www.foxnews.com/category/us/crime
20211007013828,http://web.archive.org/web/20211007013828/https://www.foxnews.com/category/us/crime
20211008003913,http://web.archive.org/web/20211008003913/https://www.foxnews.com/category/us/crime
20211008192121,http://web.archive.org/web/20211008192121/https://www.foxnews.com/category/us/crime
20211009202756,http://web.archive.org/web/20211009202756/https://www.foxnews.com/category/us/crime
20211010215148,http://web.archive.org/web/20211010215148/https://www.foxnews.com/category/us/crime
20211012000731,http://web.archive.org/web/20211012000731/https://www.foxnews.com/category/us/crime
20211012235337,http://web.archive.org/web/20211012235337/https://www.foxnews.com/category/us/crime
20211014000548,http://web.archive.org/web/20211014000548/https://www.foxnews.com/category/us/crime
20211014223623,http://web.archive.org/web/20211014223623/https://www.foxnews.com/category/us/crime
20211015233745,http://web.archive.org/web/20211015233745/https://www.foxnews.com/category/us/crime
20211018000458,http://web.archive.org/web/20211018000458/https://www.foxnews.com/category/us/crime
20211018225718,http://web.archive.org/web/20211018225718/https://www.foxnews.com/category/us/crime
20211020010537,http://web.archive.org/web/20211020010537/https://www.foxnews.com/category/us/crime
20211021002140,http://web.archive.org/web/20211021002140/https://www.foxnews.com/category/us/crime
20211021233827,http://web.archive.org/web/20211021233827/https://www.foxnews.com/category/us/crime
20211023000551,http://web.archive.org/web/20211023000551/https://www.foxnews.com/category/us/crime
20211024032310,http://web.archive.org/web/20211024032310/https://www.foxnews.com/category/us/crime
20211024222649,http://web.archive.org/web/20211024222649/https://www.foxnews.com/category/us/crime
20211025205611,http://web.archive.org/web/20211025205611/https://www.foxnews.com/category/us/crime
20211026235230,http://web.archive.org/web/20211026235230/https://www.foxnews.com/category/us/crime
20211027235348,http://web.archive.org/web/20211027235348/https://www.foxnews.com/category/us/crime
20211029013911,http://web.archive.org/web/20211029013911/https://www.foxnews.com/category/us/crime
20211029195256,http://web.archive.org/web/20211029195256/https://www.foxnews.com/category/us/crime
20211030173658,http://web.archive.org/web/20211030173658/https://www.foxnews.com/category/us/crime
20211031213531,http://web.archive.org/web/20211031213531/https://www.foxnews.com/category/us/crime
20211101102208,http://web.archive.org/web/20211101102208/https://www.foxnews.com/category/us/crime
20211103010718,http://web.archive.org/web/20211103010718/https://www.foxnews.com/category/us/crime
20211103235402,http://web.archive.org/web/20211103235402/https://www.foxnews.com/category/us/crime
20211105002211,http://web.archive.org/web/20211105002211/https://www.foxnews.com/category/us/crime
20211105222047,http://web.archive.org/web/20211105222047/https://www.foxnews.com/category/us/crime
20211106225833,http://web.archive.org/web/20211106225833/https://www.foxnews.com/category/us/crime
20211107231913,http://web.archive.org/web/20211107231913/https://www.foxnews.com/category/us/crime
20211108233831,http://web.archive.org/web/20211108233831/https://www.foxnews.com/category/us/crime
20211109223701,http://web.archive.org/web/20211109223701/https://www.foxnews.com/category/us/crime
20211110220938,http://web.archive.org/web/20211110220938/https://www.foxnews.com/category/us/crime
20211111223424,http://web.archive.org/web/20211111223424/https://www.foxnews.com/category/us/crime
20211112235905,http://web.archive.org/web/20211112235905/https://www.foxnews.com/category/us/crime
20211114022214,http://web.archive.org/web/20211114022214/https://www.foxnews.com/category/us/crime
20211115025334,http://web.archive.org/web/20211115025334/https://www.foxnews.com/category/us/crime
20211115231036,http://web.archive.org/web/20211115231036/https://www.foxnews.com/category/us/crime
20211117002144,http://web.archive.org/web/20211117002144/https://www.foxnews.com/category/us/crime
20211117222102,http://web.archive.org/web/20211117222102/https://www.foxnews.com/category/us/crime
20211118232014,http://web.archive.org/web/20211118232014/https://www.foxnews.com/category/us/crime
20211119170740,http://web.archive.org/web/20211119170740/https://www.foxnews.com/category/us/crime
20211121020313,http://web.archive.org/web/20211121020313/https://www.foxnews.com/category/us/crime
20211121225053,http://web.archive.org/web/20211121225053/https://www.foxnews.com/category/us/crime
20211123003810,http://web.archive.org/web/20211123003810/https://www.foxnews.com/category/us/crime
20211123233753,http://web.archive.org/web/20211123233753/https://www.foxnews.com/category/us/crime
20211124223831,http://web.archive.org/web/20211124223831/https://www.foxnews.com/category/us/crime
20211125163832,http://web.archive.org/web/20211125163832/https://www.foxnews.com/category/us/crime
20211127024244,http://web.archive.org/web/20211127024244/https://www.foxnews.com/category/us/crime
20211127221040,http://web.archive.org/web/20211127221040/https://www.foxnews.com/category/us/crime
20211129030501,http://web.archive.org/web/20211129030501/https://www.foxnews.com/category/us/crime
20211129225142,http://web.archive.org/web/20211129225142/https://www.foxnews.com/category/us/crime
20211130233729,http://web.archive.org/web/20211130233729/https://www.foxnews.com/category/us/crime
20211201153629,http://web.archive.org/web/20211201153629/https://www.foxnews.com/category/us/crime
20211202232127,http://web.archive.org/web/20211202232127/https://www.foxnews.com/category/us/crime
20211203035140,http://web.archive.org/web/20211203035140/https://www.foxnews.com/category/us/crime
20211204222241,http://web.archive.org/web/20211204222241/https://www.foxnews.com/category/us/crime
20211205011137,http://web.archive.org/web/20211205011137/https://www.foxnews.com/category/us/crime
20211207002335,http://web.archive.org/web/20211207002335/https://www.foxnews.com/category/us/crime
20211207235024,http://web.archive.org/web/20211207235024/https://www.foxnews.com/category/us/crime
20211208115123,http://web.archive.org/web/20211208115123/https://www.foxnews.com/category/us/crime
20211209233728,http://web.archive.org/web/20211209233728/https://www.foxnews.com/category/us/crime
20211210060935,http://web.archive.org/web/20211210060935/https://www.foxnews.com/category/us/crime
20211211072244,http://web.archive.org/web/20211211072244/https://www.foxnews.com/category/us/crime
20211212192934,http://web.archive.org/web/20211212192934/https://www.foxnews.com/category/us/crime
20211213233848,http://web.archive.org/web/20211213233848/https://www.foxnews.com/category/us/crime
20211215025107,http://web.archive.org/web/20211215025107/https://www.foxnews.com/category/us/crime
20211217090413,http://web.archive.org/web/20211217090413/https://www.foxnews.com/category/us/crime
20211218005212,http://web.archive.org/web/20211218005212/https://www.foxnews.com/category/us/crime
20211219012730,http://web.archive.org/web/20211219012730/https://www.foxnews.com/category/us/crime
20211220000210,http://web.archive.org/web/20211220000210/https://www.foxnews.com/category/us/crime
20211221000006,http://web.archive.org/web/20211221000006/https://www.foxnews.com/category/us/crime
20211221230757,http://web.archive.org/web/20211221230757/https://www.foxnews.com/category/us/crime
20211222225459,http://web.archive.org/web/20211222225459/https://www.foxnews.com/category/us/crime
20211223052136,http://web.archive.org/web/20211223052136/https://www.foxnews.com/category/us/crime
20211225003416,http://web.archive.org/web/20211225003416/https://www.foxnews.com/category/us/crime
20211225230751,http://web.archive.org/web/20211225230751/https://www.foxnews.com/category/us/crime
20211226215226,http://web.archive.org/web/20211226215226/https://www.foxnews.com/category/us/crime
20211227005809,http://web.archive.org/web/20211227005809/https://www.foxnews.com/category/us/crime
20211228230525,http://web.archive.org/web/20211228230525/https://www.foxnews.com/category/us/crime
20211230000536,http://web.archive.org/web/20211230000536/https://www.foxnews.com/category/us/crime
20211230221829,http://web.archive.org/web/20211230221829/https://www.foxnews.com/category/us/crime
20211231221846,http://web.archive.org/web/20211231221846/https://www.foxnews.com/category/us/crime
