20130125223839,http://cnn.com/US/,no
20130101195728,http://www.cnn.com/,no
20130101195728,http://money.cnn.com/,no
20130101195728,http://www.cnn.com/US,no
20130101195728,http://www.cnn.com/US/,no
20130125151244,http://mexico.cnn.com/,no
20130101195728,http://arabic.cnn.com/,no
20130101195728,http://www.cnn.com/HLN/,no
20130101195728,http://ireport.cnn.com/,no
20130101195728,http://www.cnn.com/help/,no
20130101195728,http://www.cnn.com/TECH/,no
20130101195728,http://www.cnn.com/cnni/,no
20130101195728,http://www.cnn.com/WORLD/,no
20130101195728,http://www.cnn.com/about/,no
20130101195728,http://www.cnn.com/video/,no
20130101195728,http://www.cnn.com/trends/,no
20130101195728,http://www.cnn.com/TRAVEL/,no
20130101195728,http://cnnespanol.cnn.com/,no
20130101195728,http://www.cnn.com/mobile/,no
20130101195728,http://www.cnn.com/LIVING/,no
20130101195728,http://www.cnn.com/HEALTH/,no
20130101195728,http://www.cnn.com/JUSTICE/,no
20130101195728,http://www.cnn.com/espanol/,no
20130101195728,http://ac360.blogs.cnn.com/,no
20130101195728,http://www.cnn.com/OPINION/,no
20130101195728,http://www.cnn.com/profile/,no
20130101195728,http://www.cnn.com/SHOWBIZ/,no
20130101195728,http://www.cnn.com/sitemap/,no
20130101195728,http://www.cnn.com/POLITICS/,no
20130101195728,http://www.cnn.com/feedback/,no
20130101195728,http://money.cnn.com/?cnn=yes,no
20130101195728,http://www.cnn.com/trends/#us,no
20130101195728,http://ireport.cnn.com/?cnn=yes,no
20130101195728,http://www.cnn.com/CNN/Programs,no
20130101195728,http://www.cnn.com/privacy.html,no
20130101195728,http://www.cnn.com/services/rss/,no
20130101195728,http://www.cnn.com/cnn/programs/,no
20130101195728,http://www.cnn.com/CNN/Programs/,no
20130101195728,http://money.cnn.com/?hpt=us_bn11,no
20130101195728,http://piersmorgan.blogs.cnn.com/,no
20130101195728,http://ireport.cnn.com/?hpt=us_bn3,no
20130101195728,http://www.cnn.com/tools/index.html,no
20130125223839,http://cnnradio.cnn.com/?hpt=us_bn5,no
20130101195728,http://edition.cnn.com/?hpt=ed_Intl,no
20130101195728,http://mexico.cnn.com/?hpt=ed_Mexico,no
20130106000648,http://at.cnn.com/sEa2vwE?hpt=us_bn3,no
20130101195728,http://arabic.cnn.com/?hpt=ed_Arabic,no
20130101195728,http://news.blogs.cnn.com/?hpt=us_r1,no
20130101195728,http://www.cnn.com/Programs/?hpt=us_tv,no
20130101195728,http://www.cnn.com/services/ad.choices/,no
20130101195728,http://transcripts.cnn.com/TRANSCRIPTS/,no
20130101195728,http://www.cnn.com/services/podcasting/,no
20130101195728,http://www.cnn.com/interactive_legal.html,no
20130101195728,http://www.cnn.com/studentnews/?hpt=us_bn6,no
20130101195728,http://inamerica.blogs.cnn.com/?hpt=us_bn4,no
20130108011456,http://www.cnn.com/cnn-sports-is-changing/,no
20130101195728,http://www.cnn.com/CNN/Programs/?hpt=us_tv,no
20130101195728,http://lightyears.blogs.cnn.com/?hpt=us_bn1,no
20130101195728,http://www.cnn.com/exchange/blogs/index.html,no
20130101195728,http://sportsillustrated.cnn.com/?xid=cnnnav,no
20130101195728,http://sportsillustrated.cnn.com/?hpt=us_bn12,no
20130101195728,http://sportsillustrated.cnn.com/?xid=cnnfoot,no
20130116044006,http://ireport.cnn.com/topics/859730?hpt=us_bn3,no
20130115045048,http://ireport.cnn.com/topics/908958?hpt=us_bn3,no
20130101195728,http://www.cnn.com/services/advertise/main.html,no
20130109000300,http://ireport.cnn.com/topics/898502?hpt=us_bn3,no
20130118221825,http://ireport.cnn.com/topics/877827?hpt=us_bn3,no
20130103234336,http://ireport.cnn.com/topics/901455?hpt=us_bn3,no
20130116212106,http://ireport.cnn.com/topics/910319?hpt=us_bn3,no
20130111213553,http://ireport.cnn.com/topics/908368?hpt=us_bn3,no
20130111213553,http://ireport.cnn.com/docs/DOC-908186?hpt=us_bn3,no
20130125223839,http://schoolsofthought.blogs.cnn.com/?hpt=us_bn2,no
20130122064324,http://ireport.cnn.com/docs/DOC-912241?hpt=us_bn3,no
20130109000300,http://ireport.cnn.com/docs/DOC-906756?hpt=us_bn3,no
20130115045048,http://ireport.cnn.com/docs/DOC-908408?hpt=us_bn3,no
20130108011456,http://ireport.cnn.com/docs/DOC-905679?hpt=us_bn3,no
20130117185029,http://ireport.cnn.com/docs/DOC-910877?hpt=us_bn3,no
20130105014032,http://ireport.cnn.com/docs/DOC-902515?hpt=us_bn3,no
20130122231959,http://ireport.cnn.com/docs/DOC-913498?hpt=us_bn3,no
20130122064324,http://ireport.cnn.com/docs/DOC-912300?hpt=us_bn3,no
20130108011456,http://ireport.cnn.com/docs/DOC-905351?hpt=us_bn3,no
20130116212106,http://ireport.cnn.com/docs/DOC-910694?hpt=us_bn3,no
20130118221825,http://ireport.cnn.com/docs/DOC-911771?hpt=us_bn3,no
20130125151244,http://ireport.cnn.com/docs/DOC-914501?hpt=us_bn3,no
20130125151244,http://ireport.cnn.com/docs/DOC-915022?hpt=us_bn3,no
20130103040136,http://ireport.cnn.com/docs/DOC-904794?hpt=us_bn3,no
20130117185029,http://ireport.cnn.com/docs/DOC-911076?hpt=us_bn3,no
20130117185029,http://ireport.cnn.com/docs/DOC-910822?hpt=us_bn3,no
20130103234336,http://ireport.cnn.com/docs/DOC-905003?hpt=us_bn3,no
20130118221825,http://ireport.cnn.com/docs/DOC-911578?hpt=us_bn3,no
20130111081219,http://ireport.cnn.com/docs/DOC-907247?hpt=us_bn3,no
20130103040136,http://ireport.cnn.com/docs/DOC-904901?hpt=us_bn3,no
20130109000300,http://ireport.cnn.com/docs/DOC-906480?hpt=us_bn3,no
20130125151244,http://ireport.cnn.com/docs/DOC-915297?hpt=us_bn3,no
20130116212106,http://ireport.cnn.com/docs/DOC-861330?hpt=us_bn3,no
20130108011456,http://ireport.cnn.com/docs/DOC-905638?hpt=us_bn3,no
20130116044006,http://ireport.cnn.com/docs/DOC-910282?hpt=us_bn3,no
20130115045048,http://ireport.cnn.com/docs/DOC-909424?hpt=us_bn3,no
20130122231959,http://ireport.cnn.com/docs/DOC-913776?hpt=us_bn3,no
20130103234336,http://ireport.cnn.com/docs/DOC-905368?hpt=us_bn3,no
20130103040136,http://ireport.cnn.com/docs/DOC-904866?hpt=us_bn3,no
20130111213553,http://ireport.cnn.com/docs/DOC-908505?hpt=us_bn3,no
20130111081219,http://ireport.cnn.com/docs/DOC-907992?hpt=us_bn3,no
20130101195728,http://schoolsofthought.blogs.cnn.com/?hpt=us_bn5,no
20130111081219,http://ireport.cnn.com/docs/DOC-907982?hpt=us_bn3,no
20130122231959,http://ireport.cnn.com/docs/DOC-913657?hpt=us_bn3,no
20130105014032,http://ireport.cnn.com/docs/DOC-905270 ?hpt=us_bn3,no
20130105014032,http://ireport.cnn.com/docs/DOC-905675 ?hpt=us_bn3,no
20130101195728,http://web.archive.org/screenshot/http://www.cnn.com/US/,no
20130101195728,http://ireport.cnn.com/topics/904169/featured?hpt=us_bn3,no
20130117185029,http://www.cnn.com/SPECIALS/2013/davos/mood-map?hpt=us_t3,no
20130118221825,http://www.cnn.com/SPECIALS/2013/davos/mood-map?hpt=us_t2,no
20130125223839,http://rss.cnn.com/~r/rss/money_topstories/~3/pe2tHy7ksWc/,no
20130108011456,http://rss.cnn.com/~r/rss/money_topstories/~3/mIKJ0lqKdUQ/,no
20130109000300,http://rss.cnn.com/~r/rss/money_topstories/~3/2g4zC3VJtoY/,no
20130103040136,http://rss.cnn.com/~r/rss/money_topstories/~3/UV_n-9xOSjE/,no
20130109000300,http://rss.cnn.com/~r/rss/money_topstories/~3/NawU8aCzQZ0/,no
20130117185029,http://rss.cnn.com/~r/rss/money_topstories/~3/wujos86x8DE/,no
20130103234336,http://rss.cnn.com/~r/rss/money_topstories/~3/cX366_DVUJM/,no
20130105014032,http://rss.cnn.com/~r/rss/money_topstories/~3/dd_TceNKCII/,no
20130103040136,http://rss.cnn.com/~r/rss/money_topstories/~3/bPz9TS45hck/,no
20130103040136,http://rss.cnn.com/~r/rss/money_topstories/~3/Bkjd6iCKbaA/,no
20130103040136,http://rss.cnn.com/~r/rss/money_topstories/~3/c6DcYXGtsEU/,no
20130109000300,http://rss.cnn.com/~r/rss/money_topstories/~3/hxotCfoSZkA/,no
20130112202834,http://rss.cnn.com/~r/rss/money_topstories/~3/wfLxSyCoZeg/,no
20130125151244,http://rss.cnn.com/~r/rss/money_topstories/~3/AzGsq2Vk48M/,no
20130120043344,http://rss.cnn.com/~r/rss/money_topstories/~3/PcuT0QxJrYA/,no
20130117185029,http://rss.cnn.com/~r/rss/money_topstories/~3/yb0Ndi-Of7s/,no
20130113224151,http://rss.cnn.com/~r/rss/money_topstories/~3/zEqUrFyhVK8/,no
20130122064324,http://www.cnn.com/SPECIALS/2013/davos/mood-map?hpt=us_mid,no
20130115045048,http://rss.cnn.com/~r/rss/money_topstories/~3/q8P_MvCTNPI/,no
20130103234336,http://rss.cnn.com/~r/rss/money_topstories/~3/ocYvgXARipM/,no
20130106213527,http://rss.cnn.com/~r/rss/money_topstories/~3/AnxwD_kasPU/,no
20130117185029,http://rss.cnn.com/~r/rss/money_topstories/~3/DRlSD73p_Dc/,no
20130101195728,http://rss.cnn.com/~r/rss/money_topstories/~3/FjiDprV5n3Q/,no
20130111213553,http://rss.cnn.com/~r/rss/money_topstories/~3/0-X7eaZUJx0/,no
20130123133458,http://rss.cnn.com/~r/rss/money_topstories/~3/D8o7vM6eMvQ/,no
20130116044006,http://rss.cnn.com/~r/rss/money_topstories/~3/Jxp5P5rswQM/,no
20130116044006,http://rss.cnn.com/~r/rss/money_topstories/~3/hbM7HUGyinY/,no
20130118221825,http://rss.cnn.com/~r/rss/money_topstories/~3/geQdBh3_G1k/,no
20130116044006,http://www.cnn.com/2013/01/15/us/weather/index.html?hpt=us_c2,no
20130101195728,http://www.cnn.com/SPECIALS/us/powering-the-planet?hpt=us_bn2,no
20130122064324,http://www.cnn.com/2013/01/21/us/us-weather/index.html?hpt=us_c2,no
20130122064324,http://www.cnn.com/2013/01/20/living/mlk-btn/index.html?hpt=us_c2,no
20130125151244,http://www.cnn.com/2013/01/24/us/teo-hoax-abc/index.html?hpt=us_t4,no
20130125223839,http://cnnradio.cnn.com/2013/01/22/red-states-and-guns/?hpt=us_bn5,no
20130103040136,http://news.blogs.cnn.com/2013/01/02/avis-to-buy-zipcar/?hpt=us_r1,no
20130125151244,http://www.cnn.com/2013/01/25/us/cold-weather/index.html?hpt=us_t3,no
20130125223839,http://www.cnn.com/2013/01/25/us/cold-weather/index.html?hpt=us_c1,no
20130122231959,http://www.cnn.com/2013/01/22/health/cte-study/index.html?hpt=us_t2,no
20130117185029,http://www.cnn.com/2013/01/17/sport/teo-quotes/index.html?hpt=us_c1,no
20130123133458,http://www.cnn.com/2013/01/22/health/cte-study/index.html?hpt=us_t4,no
20130122231959,http://www.cnn.com/2013/01/22/us/roe-wade-poll/index.html?hpt=us_c2,no
20130115045048,http://www.cnn.com/2013/01/14/us/newtown-dylan/index.html?hpt=us_c2,no
20130103040136,http://www.cnn.com/2013/01/01/us/meteor-shower/index.html?hpt=us_t5,no
20130116212106,http://rss.cnn.com/~r/rss/money_topstories/~3/R7-6pgx1tBE/index.html,no
20130103234336,http://rss.cnn.com/~r/rss/money_topstories/~3/iG_jCYb1duY/index.html,no
20130122064324,http://rss.cnn.com/~r/rss/money_topstories/~3/tyB_-HM8icM/index.html,no
20130118221825,http://rss.cnn.com/~r/rss/money_topstories/~3/zk4n92UXRXs/index.html,no
20130123133458,http://rss.cnn.com/~r/rss/money_topstories/~3/Wts2chlGEAY/index.html,no
20130125151244,http://rss.cnn.com/~r/rss/money_topstories/~3/zY-GdbvqUJg/index.html,no
20130125151244,http://rss.cnn.com/~r/rss/money_topstories/~3/vx48ERThn1I/index.html,no
20130118221825,http://rss.cnn.com/~r/rss/money_topstories/~3/-FB5pc1q-FY/index.html,no
20130118221825,http://rss.cnn.com/~r/rss/money_topstories/~3/XacYLxlkf98/index.html,no
20130101195728,http://rss.cnn.com/~r/rss/money_topstories/~3/SbmeoSjbo3o/index.html,no
20130111081219,http://rss.cnn.com/~r/rss/money_topstories/~3/yxd2_57y3NA/index.html,no
20130106213527,http://rss.cnn.com/~r/rss/money_topstories/~3/huXpZ_lvBEM/index.html,no
20130122231959,http://rss.cnn.com/~r/rss/money_topstories/~3/v3yljztOTts/index.html,no
20130122064324,http://rss.cnn.com/~r/rss/money_topstories/~3/lgy0HrLBrAQ/index.html,no
20130105014032,http://rss.cnn.com/~r/rss/money_topstories/~3/29eD8G0ofQ8/index.html,no
20130122231959,http://rss.cnn.com/~r/rss/money_topstories/~3/iWPEuQvvnyU/index.html,no
20130109050826,http://rss.cnn.com/~r/rss/money_topstories/~3/Lar--Hq64v0/index.html,no
20130101195728,http://rss.cnn.com/~r/rss/money_topstories/~3/-uF8BMMdYg0/index.html,no
20130109000300,http://rss.cnn.com/~r/rss/money_topstories/~3/GrphlWXmBgE/index.html,no
20130105014032,http://rss.cnn.com/~r/rss/money_topstories/~3/O_pZsr1MqJs/index.html,no
20130116212106,http://rss.cnn.com/~r/rss/money_topstories/~3/2xhUa3iyc9o/index.html,no
20130108011456,http://rss.cnn.com/~r/rss/money_topstories/~3/ouIRwCmdZMw/index.html,no
20130105014032,http://rss.cnn.com/~r/rss/money_topstories/~3/o77KXV6XKsk/index.html,no
20130111213553,http://rss.cnn.com/~r/rss/money_topstories/~3/Y7iA-RWDO4g/index.html,no
20130115045048,http://rss.cnn.com/~r/rss/money_topstories/~3/julQKKxXXFA/index.html,no
20130115045048,http://rss.cnn.com/~r/rss/money_topstories/~3/CmUiFG_BV_8/index.html,no
20130103234336,http://rss.cnn.com/~r/rss/money_topstories/~3/u5HQJ30Anmk/index.html,no
20130125151244,http://rss.cnn.com/~r/rss/money_topstories/~3/-GeYk5D9fBI/index.html,no
20130125151244,http://rss.cnn.com/~r/rss/money_topstories/~3/8fepvaJ7WLc/index.html,no
20130123133458,http://rss.cnn.com/~r/rss/money_topstories/~3/DsuNyrl-q_g/index.html,no
20130116212106,http://rss.cnn.com/~r/rss/money_topstories/~3/h8yN3e24eAI/index.html,no
20130105014032,http://rss.cnn.com/~r/rss/money_topstories/~3/DBqXUW1Yy9I/index.html,no
20130103040136,http://rss.cnn.com/~r/rss/money_topstories/~3/6yrLf_UHZtc/index.html,no
20130116212106,http://rss.cnn.com/~r/rss/money_topstories/~3/R7aHoJTkCyc/index.html,no
20130116212106,http://rss.cnn.com/~r/rss/money_topstories/~3/CKcisbEzPVM/index.html,no
20130103040136,http://rss.cnn.com/~r/rss/money_topstories/~3/uWqw3FgEpaY/index.html,no
20130108011456,http://rss.cnn.com/~r/rss/money_topstories/~3/iLlIWF6Fap0/index.html,no
20130111213553,http://rss.cnn.com/~r/rss/money_topstories/~3/WYplS9JKsRY/index.html,no
20130122064324,http://rss.cnn.com/~r/rss/money_topstories/~3/FvA5WVRUXGs/index.html,no
20130106213527,http://rss.cnn.com/~r/rss/money_topstories/~3/aSGrlxugkt4/index.html,no
20130122231959,http://rss.cnn.com/~r/rss/money_topstories/~3/pl2eWUoDzHo/index.html,no
20130123133458,http://rss.cnn.com/~r/rss/money_topstories/~3/VD_PVwp_lw8/index.html,no
20130125223839,http://www.cnn.com/2013/01/25/health/flu-update/index.html?hpt=us_c2,no
20130123133458,http://rss.cnn.com/~r/rss/money_topstories/~3/SLmPvmn3a8o/index.html,no
20130125223839,http://rss.cnn.com/~r/rss/money_topstories/~3/g8hUN5Xdmqs/index.html,no
20130123133458,http://rss.cnn.com/~r/rss/money_topstories/~3/UMyInSdaRPU/index.html,no
20130108011456,http://rss.cnn.com/~r/rss/money_topstories/~3/1WJ2EZn36vw/index.html,no
20130122064324,http://rss.cnn.com/~r/rss/money_topstories/~3/VDyFksZhGXM/index.html,no
20130109000300,http://www.cnn.com/2013/01/08/health/cancer-hpv/index.html?hpt=us_c2,no
20130103234336,http://rss.cnn.com/~r/rss/money_topstories/~3/xXH7sHKHIf0/index.html,no
20130116212106,http://rss.cnn.com/~r/rss/money_topstories/~3/frbdIleXdAY/index.html,no
20130118221825,http://rss.cnn.com/~r/rss/money_topstories/~3/yCRt8VGNk84/index.html,no
20130111213553,http://rss.cnn.com/~r/rss/money_topstories/~3/-C4e5u-X1jM/index.html,no
20130105014032,http://rss.cnn.com/~r/rss/money_topstories/~3/fH-UkcWfUlI/index.html,no
20130125151244,http://rss.cnn.com/~r/rss/money_topstories/~3/KJf09R1ZWE8/index.html,no
20130118221825,http://rss.cnn.com/~r/rss/money_topstories/~3/s3yhSn8LVfU/index.html,no
20130111081219,http://rss.cnn.com/~r/rss/money_topstories/~3/9c0q2kg4oqg/index.html,no
20130122064324,http://rss.cnn.com/~r/rss/money_topstories/~3/3E181v8uDSE/index.html,no
20130113224151,http://rss.cnn.com/~r/rss/money_topstories/~3/0F3xQ_QLqe4/index.html,no
20130108011456,http://rss.cnn.com/~r/rss/money_topstories/~3/qccfOmn70Ps/index.html,no
20130117185029,http://rss.cnn.com/~r/rss/money_topstories/~3/0pcIqu7PXnA/index.html,no
20130112202834,http://rss.cnn.com/~r/rss/money_topstories/~3/RaPSKaUA9Jk/index.html,no
20130111081219,http://rss.cnn.com/~r/rss/money_topstories/~3/eXLMqiaI1J8/index.html,no
20130112202834,http://rss.cnn.com/~r/rss/money_topstories/~3/U-BRbPB1VCY/index.html,no
20130125223839,http://rss.cnn.com/~r/rss/money_topstories/~3/EXejx1YKknU/index.html,no
20130113224151,http://www.cnn.com/2013/01/12/us/winter-weather/index.html?hpt=us_c2,no
20130103234336,http://rss.cnn.com/~r/rss/money_topstories/~3/KTNOQR85vUA/index.html,no
20130118221825,http://rss.cnn.com/~r/rss/money_topstories/~3/tWs9fjeoydU/index.html,no
20130115045048,http://rss.cnn.com/~r/rss/money_topstories/~3/oCSTAs1MCw8/index.html,no
20130109000300,http://rss.cnn.com/~r/rss/money_topstories/~3/ARaQj7rn_bs/index.html,no
20130111081219,http://rss.cnn.com/~r/rss/money_topstories/~3/9YR0-7Nyw0w/index.html,no
20130115045048,http://rss.cnn.com/~r/rss/money_topstories/~3/4klet-7boeM/index.html,no
20130103234336,http://rss.cnn.com/~r/rss/money_topstories/~3/PoV1hJtuYQU/index.html,no
20130115045048,http://rss.cnn.com/~r/rss/money_topstories/~3/wOGAJMV07gs/index.html,no
20130111213553,http://rss.cnn.com/~r/rss/money_topstories/~3/4bcjTqwQcFI/index.html,no
20130120043344,http://rss.cnn.com/~r/rss/money_topstories/~3/ErrrbDHwXsw/index.html,no
20130106213527,http://rss.cnn.com/~r/rss/money_topstories/~3/B1IuB83W4vo/index.html,no
20130101195728,http://rss.cnn.com/~r/rss/money_topstories/~3/LxfU8jv2JBI/index.html,no
20130123133458,http://rss.cnn.com/~r/rss/money_topstories/~3/2nuQNCD7iYw/index.html,no
20130105014032,http://rss.cnn.com/~r/rss/money_topstories/~3/ugWqOrvFl94/index.html,no
20130103040136,http://rss.cnn.com/~r/rss/money_topstories/~3/G4a6jhUjdFk/index.html,no
20130109000300,http://rss.cnn.com/~r/rss/money_topstories/~3/d2hAWhQPEEY/index.html,no
20130108011456,http://rss.cnn.com/~r/rss/money_topstories/~3/70CHqlveSvY/index.html,no
20130101195728,http://rss.cnn.com/~r/rss/money_topstories/~3/xYV4DoUadW0/index.html,no
20130101195728,http://rss.cnn.com/~r/rss/money_topstories/~3/2EZWXx1sKbI/index.html,no
20130111213553,http://rss.cnn.com/~r/rss/money_topstories/~3/_NdYzHTRcOU/index.html,no
20130116044006,http://rss.cnn.com/~r/rss/money_topstories/~3/5K2iv9WdeZc/index.html,no
20130111081219,http://rss.cnn.com/~r/rss/money_topstories/~3/yUA7l1YwOO8/index.html,no
20130117185029,http://rss.cnn.com/~r/rss/money_topstories/~3/iJPuvM2tloo/index.html,no
20130109000300,http://rss.cnn.com/~r/rss/money_topstories/~3/bDy76tkTIsg/index.html,no
20130111213553,http://rss.cnn.com/~r/rss/money_topstories/~3/EbRX6YaNtOg/index.html,no
20130116044006,http://rss.cnn.com/~r/rss/money_topstories/~3/5MIefG0GadM/index.html,no
20130122231959,http://rss.cnn.com/~r/rss/money_topstories/~3/cfsZSNTmL_8/index.html,no
20130122231959,http://rss.cnn.com/~r/rss/money_topstories/~3/86qhcoA1luY/index.html,no
20130111081219,http://rss.cnn.com/~r/rss/money_topstories/~3/wH4XfeKibOU/index.html,no
20130116044006,http://rss.cnn.com/~r/rss/money_topstories/~3/krJ3jtqdosg/index.html,no
20130117185029,http://rss.cnn.com/~r/rss/money_topstories/~3/KlLiKaX6UOM/index.html,no
20130101195728,http://rss.cnn.com/~r/rss/money_topstories/~3/Fac2Xf60qDw/index.html,no
20130122231959,http://rss.cnn.com/~r/rss/money_topstories/~3/LHDmuQn8cYE/index.html,no
20130106213527,http://rss.cnn.com/~r/rss/money_topstories/~3/nQEFyoS1lWM/index.html,no
20130113224151,http://rss.cnn.com/~r/rss/money_topstories/~3/dgowQn0g8ew/index.html,no
20130108011456,http://rss.cnn.com/~r/rss/money_topstories/~3/DUQXwCOh4S0/index.html,no
20130117185029,http://rss.cnn.com/~r/rss/money_topstories/~3/33pX4liQpNg/index.html,no
20130122231959,http://rss.cnn.com/~r/rss/money_topstories/~3/WkQajqHFIVU/index.html,no
20130106213527,http://rss.cnn.com/~r/rss/money_topstories/~3/23d60ZEtfJc/index.html,no
20130116212106,http://rss.cnn.com/~r/rss/money_topstories/~3/Bb9ON40111c/index.html,no
20130116044006,http://rss.cnn.com/~r/rss/money_topstories/~3/dZswJbZ5JDE/index.html,no
20130125223839,http://rss.cnn.com/~r/rss/money_topstories/~3/4aPGRV7sgU4/index.html,no
20130125223839,http://rss.cnn.com/~r/rss/money_topstories/~3/KStC7xgMh68/index.html,no
20130125223839,http://rss.cnn.com/~r/rss/money_topstories/~3/ldMDwH4a194/index.html,no
20130112202834,http://rss.cnn.com/~r/rss/money_topstories/~3/fdCRUbLPy3k/index.html,no
20130115045048,http://rss.cnn.com/~r/rss/money_topstories/~3/UU-M8iKptD8/index.html,no
20130112202834,http://rss.cnn.com/~r/rss/money_topstories/~3/xLu7WKupPIo/index.html,no
20130116044006,http://rss.cnn.com/~r/rss/money_topstories/~3/GDZzdtLM0q4/index.html,no
20130111081219,http://rss.cnn.com/~r/rss/money_topstories/~3/6q02GNyZg8Q/index.html,no
20130109000300,http://www.cnn.com/2013/01/08/us/extreme-weather/index.html?hpt=us_c2,no
20130101195728,http://www.cnn.com/2012/11/04/travel/gas-prices/index.html?hpt=us_bn2,no
20130108011456,http://www.cnn.com/2013/01/07/opinion/hogue-vawa/index.html?hpt=us_mid,no
20130115045048,http://www.cnn.com/2013/01/14/health/coke-obesity/index.html?hpt=us_c2,no
20130125223839,http://news.blogs.cnn.com/2013/01/24/apple-stock-plunges-12/?hpt=us_r1,no
20130117185029,http://www.cnn.com/2013/01/16/us/armstrong-doping/index.html?hpt=us_c2,no
20130115045048,http://www.cnn.com/2013/01/14/us/iowa-napkin-note/index.html?hpt=us_t2,no
20130112202834,http://www.cnn.com/2013/01/12/health/flu-comments/index.html?hpt=us_c1,no
20130125223839,http://cnnradio.cnn.com/2013/01/22/to-catch-an-iphone-thief/?hpt=us_bn5,no
20130106000648,http://www.cnn.com/2013/01/05/us/alaska-earthquake/index.html?hpt=us_c2,no
20130116212106,http://www.cnn.com/2013/01/15/us/new-york-gun-bill/index.html?hpt=us_c2,no
20130101195728,http://www.cnn.com/2012/12/17/us/nasa-moon-probes/index.html?hpt=us_bn1,no
20130111213553,http://www.cnn.com/2013/01/11/health/us-flu-season/index.html?hpt=us_c2,no
20130101195728,http://www.cnn.com/2012/11/01/us/enterprise-scrap/index.html?hpt=us_bn2,no
20130116044006,http://www.cnn.com/2013/01/15/us/military-suicides/index.html?hpt=us_c2,no
20130111081219,http://www.cnn.com/2013/01/09/health/us-flu-season/index.html?hpt=us_c1,no
20130116044006,http://www.cnn.com/2013/01/15/us/new-york-gun-bill/index.html?hpt=us_c1,no
20130103234336,http://www.cnn.com/2013/01/03/politics/new-congress/index.html?hpt=us_c2,no
20130123133458,http://www.cnn.com/2013/01/23/politics/nra-response/index.html?hpt=us_c2,no
20130111081219,http://www.cnn.com/2013/01/10/us/virginia-baby-lion/index.html?hpt=us_t4,no
20130103040136,http://www.cnn.com/2013/01/02/politics/fiscal-cliff/index.html?hpt=us_c2,no
20130117185029,http://www.cnn.com/2013/01/17/travel/dreamliner-faa/index.html?hpt=us_c2,no
20130122064324,http://www.cnn.com/2013/01/21/us/dolores-prida-obit/index.html?hpt=us_t2,no
20130105014032,http://www.cnn.com/2013/01/04/opinion/ghitis-women/index.html?hpt=us_mid,no
20130108011456,http://www.cnn.com/2013/01/07/politics/cia-director/index.html?hpt=us_c2,no
20130101195728,http://www.cnn.com/2013/01/01/politics/fiscal-cliff/index.html?hpt=us_c1,no
20130108011456,http://www.cnn.com/2013/01/06/us/nhl-tentative-deal/index.html?hpt=us_t3,no
20130116212106,http://news.blogs.cnn.com/2013/01/15/house-oks-sandy-aid-bill/?hpt=us_r1,no
20130111081219,http://www.cnn.com/2013/01/10/us/louisiania-weather/index.html?hpt=us_c2,no
20130115045048,http://www.cnn.com/2013/01/14/us/hoffa-burial-claim/index.html?hpt=us_c2,no
20130118221825,http://www.cnn.com/2013/01/18/sport/armstrong-doping/index.html?hpt=us_c2,no
20130108011456,http://www.cnn.com/2013/01/07/us/alaska-drilling-rig/index.html?hpt=us_c2,no
20130116044006,http://www.cnn.com/2013/01/15/us/2012-global-warming/index.html?hpt=us_t2,no
20130111081219,http://www.cnn.com/2013/01/11/us/new-york-explosives/index.html?hpt=us_c2,no
20130117185029,http://www.cnn.com/2013/01/16/politics/guns-congress/index.html?hpt=us_c2,no
20130101195728,http://www.cnn.com/2012/12/31/us/fiscal-cliff-anger/index.html?hpt=us_bn3,no
20130111081219,http://www.cnn.com/2013/01/10/us/agents-prostitution/index.html?hpt=us_c2,no
20130108011456,http://www.cnn.com/2013/01/07/politics/hagel-defense/index.html?hpt=us_c2,no
20130111081219,http://www.cnn.com/2013/01/09/us/alex-jones-profile/index.html?hpt=us_mid,no
20130122064324,http://www.cnn.com/2013/01/21/opinion/powell-mlk-day/index.html?hpt=us_c2,no
20130105014032,http://www.cnn.com/2013/01/04/us/florida-plane-crash/index.html?hpt=us_c2,no
20130116212106,http://www.cnn.com/2013/01/15/politics/gun-law-polls/index.html?hpt=us_c1,no
20130117185029,http://www.cnn.com/2013/01/17/sport/armstrong-doping/index.html?hpt=us_c2,no
20130111081219,http://www.cnn.com/2013/01/10/opinion/pho-flu-season/index.html?hpt=us_c1,no
20130115045048,http://www.cnn.com/2013/01/14/us/florida-python-hunt/index.html?hpt=us_c2,no
20130106213527,http://www.cnn.com/2013/01/05/us/alaska-drilling-rig/index.html?hpt=us_c2,no
20130115045048,http://www.cnn.com/2013/01/14/opinion/hamrah-oscars/index.html?hpt=us_mid,no
20130101195728,http://www.cnn.com/2013/01/01/us/alaska-drilling-rig/index.html?hpt=us_c2,no
20130117185029,http://www.cnn.com/2013/01/17/health/fda-flu-vaccine/index.html?hpt=us_c2,no
20130115045048,http://www.cnn.com/2013/01/14/living/sotomayor-memoir/index.html?hpt=us_c2,no
20130118221825,http://www.cnn.com/2013/01/18/us/colin-kaepernick-nfl/index.html?hpt=us_t4,no
20130122231959,http://www.cnn.com/2013/01/22/us/scientology-response/index.html?hpt=us_t3,no
20130112202834,http://www.cnn.com/2013/01/12/opinion/zich-flu-season/index.html?hpt=us_c1,no
20130125151244,http://www.cnn.com/2013/01/23/sport/nfl-seau-lawsuit/index.html?hpt=us_mid,no
20130125151244,http://www.cnn.com/2013/01/24/health/dsm-alcohol-time/index.html?hpt=us_c2,no
20130106000648,http://www.cnn.com/2013/01/04/us/us-superstorm-threat/index.html?hpt=us_t2,no
20130101195728,http://www.cnn.com/2012/10/24/us/public-car-chargers/index.html?hpt=us_bn2,no
20130116212106,http://money.cnn.com/2013/01/15/news/companies/walmart-veterans/?hpt=us_c2,no
20130123133458,http://www.cnn.com/2013/01/22/us/scientology-response/index.html?hpt=us_t5,no
20130122064324,http://www.cnn.com/2013/01/21/us/manti-teo-controversy/index.html?hpt=us_c2,no
20130113224151,http://www.cnn.com/2013/01/13/us/great-lakes-low-water/index.html?hpt=us_c1,no
20130116044006,http://www.cnn.com/2013/01/15/us/inauguration-security/index.html?hpt=us_c2,no
20130115045048,http://www.cnn.com/2013/01/13/politics/gun-laws-battle/index.html?hpt=us_c1,no
20130105014032,http://www.cnn.com/2013/01/04/opinion/sanday-ohio-rape/index.html?hpt=us_c1,no
20130116044006,http://www.cnn.com/2013/01/15/politics/gun-laws-battle/index.html?hpt=us_c1,no
20130122231959,http://www.cnn.com/2013/01/21/politics/inaugural-balls/index.html?hpt=us_t4,no
20130111081219,http://www.cnn.com/2013/01/10/studentnews/sn-newsquiz/index.html?hpt=us_bn6,no
20130120043344,http://www.cnn.com/2013/01/18/travel/tsa-body-scanners/index.html?hpt=us_c2,no
20130120043344,http://www.cnn.com/2013/01/18/opinion/downey-manti-teo/index.html?hpt=us_c1,no
20130111213553,http://www.cnn.com/2013/01/11/us/moore-atlanta-falcons/index.html?hpt=us_t5,no
20130118221825,http://www.cnn.com/2013/01/18/health/flu-season-update/index.html?hpt=us_c2,no
20130109000300,http://www.cnn.com/2013/01/08/health/best-diets-ranked/index.html?hpt=us_t4,no
20130116212106,http://www.cnn.com/2013/01/15/politics/gun-laws-battle/index.html?hpt=us_c2,no
20130118221825,http://www.cnn.com/2013/01/17/us/mona-lisa-moon-laser/index.html?hpt=us_bn1,no
20130122064324,http://www.cnn.com/2013/01/21/travel/boeing-dreamliner/index.html?hpt=us_c2,no
20130105014032,http://www.cnn.com/2013/01/03/studentnews/sn-newsquiz/index.html?hpt=us_bn6,no
20130125151244,http://www.cnn.com/2013/01/24/travel/texas-stunt-plane/index.html?hpt=us_c2,no
20130125151244,http://www.cnn.com/2013/01/24/studentnews/sn-newsquiz/index.html?hpt=us_bn6,no
20130101195728,http://www.cnn.com/2012/12/13/studentnews/sn-newsquiz/index.html?hpt=us_bn6,no
20130123133458,http://www.cnn.com/2013/01/22/us/space-asteroid-mining/index.html?hpt=us_t2,no
20130118221825,http://www.cnn.com/2013/01/18/health/cyanide-poisoning/index.html?hpt=us_c2,no
20130117185029,http://www.cnn.com/2013/01/16/politics/gun-laws-battle/index.html?hpt=us_c2,no
20130113224151,http://www.cnn.com/2013/01/12/us/missouri-stolen-relics/index.html?hpt=us_c2,no
20130101195728,http://www.cnn.com/2013/01/01/travel/airplane-collision/index.html?hpt=us_c2,no
20130125151244,http://www.cnn.com/video/?hpt=us_bn6#/video/education/2013/01/24/sn-0125.cnn,no
20130103040136,http://www.cnn.com/video/?hpt=us_bn6#/video/education/2013/01/02/sn-0103.cnn,no
20130115045048,http://www.cnn.com/2013/01/14/opinion/oconnell-brennan/index.html?hpt=us_mid,no
20130122064324,http://www.cnn.com/video/?hpt=us_bn6#/video/education/2013/01/21/sn-0122.cnn,no
20130101195728,http://www.cnn.com/video/?hpt=us_bn6#/video/education/2012/12/19/sn-1220.cnn,no
20130111081219,http://www.cnn.com/video/?hpt=us_bn6#/video/education/2013/01/10/sn-0111.cnn,no
20130116044006,http://www.cnn.com/video/?hpt=us_bn6#/video/education/2013/01/15/sn-0116.cnn,no
20130111081219,http://www.cnn.com/2013/01/08/health/best-diets-ranked/index.html?hpt=us_mid,no
20130125151244,http://www.cnn.com/2013/01/23/us/texas-college-shooting/index.html?hpt=us_c2,no
20130120043344,http://www.cnn.com/2013/01/19/sport/armstrong-7-lessons/index.html?hpt=us_c2,no
20130111081219,http://www.cnn.com/2013/01/10/health/seau-brain-disease/index.html?hpt=us_c2,no
20130117185029,http://www.cnn.com/video/?hpt=us_bn6#/video/education/2013/01/16/sn-0117.cnn,no
20130116212106,http://www.cnn.com/2013/01/15/us/iyw-mlk-day-of-service/index.html?hpt=us_t4,no
20130116044006,http://www.cnn.com/2013/01/15/travel/pilots-electronics/index.html?hpt=us_c2,no
20130108011456,http://www.cnn.com/video/?hpt=us_bn6#/video/education/2013/01/06/sn-0107.cnn,no
20130117185029,http://www.cnn.com/2013/01/17/opinion/obeidallah-bible/index.html?hpt=us_mid,no
20130122231959,http://www.cnn.com/2013/01/22/opinion/kurtz-jill-kelley/index.html?hpt=us_c2,no
20130118221825,http://www.cnn.com/video/?hpt=us_bn6#/video/education/2013/01/17/sn-0118.cnn,no
20130116212106,http://www.cnn.com/2013/01/16/us/lance-armstrong-quotes/index.html?hpt=us_c2,no
20130103040136,http://www.cnn.com/2013/01/02/us/background-checks-guns/index.html?hpt=us_c1,no
20130116044006,http://www.cnn.com/2013/01/15/us/iyw-mlk-day-of-service/index.html?hpt=us_t3,no
20130111081219,http://www.cnn.com/2013/01/10/tech/innovation/apple-ces/index.html?hpt=us_t2,no
20130111213553,http://cnnphotos.blogs.cnn.com/2013/01/11/gun-culture-in-colorado/?hpt=us_c2,no
20130115045048,http://www.cnn.com/video/?hpt=us_bn6#/video/education/2013/01/14/sn-0115.cnn,no
20130117185029,http://www.cnn.com/2013/01/17/health/flu-vaccine-policy/index.html?hpt=us_c2,no
20130105014032,http://www.cnn.com/video/?hpt=us_bn6#/video/education/2013/01/03/sn-0104.cnn,no
20130111081219,http://www.cnn.com/2013/01/09/living/monopoly-new-token/index.html?hpt=us_t5,no
20130103234336,http://www.cnn.com/2013/01/02/us/background-checks-guns/index.html?hpt=us_c2,no
20130103234336,http://www.cnn.com/2013/01/02/travel/airplane-collision/index.html?hpt=us_c2,no
20130123133458,http://www.cnn.com/video/?hpt=us_bn6#/video/education/2013/01/22/sn-0123.cnn,no
20130125223839,http://www.cnn.com/2013/01/25/health/gupta-hannah-storm/index.html?hpt=us_c2,no
20130108011456,http://www.cnn.com/2013/01/07/opinion/zelizer-gop-hagel/index.html?hpt=us_mid,no
20130123133458,http://www.cnn.com/2013/01/22/justice/us-terror-sentence/index.html?hpt=us_c2,no
20130125151244,http://www.cnn.com/2013/01/24/tech/web/uverse-outage-att/index.html?hpt=us_c2,no
20130101195728,http://www.cnn.com/2013/01/01/us/colorado-marijuana-club/index.html?hpt=us_c2,no
20130105014032,http://www.cnn.com/2013/01/04/justice/oklahoma-shootings/index.html?hpt=us_c2,no
20130120043344,http://www.cnn.com/2013/01/18/us/new-york-gun-permit-map/index.html?hpt=us_c2,no
20130118221825,http://www.cnn.com/2013/01/18/opinion/jones-gun-control/index.html?hpt=us_mid,no
20130116212106,http://www.cnn.com/2013/01/16/us/oregon-sheriff-gun-laws/index.html?hpt=us_c2,no
20130118221825,http://www.cnn.com/2013/01/17/us/mississippi-hit-and-run/index.html?hpt=us_c2,no
20130101195728,http://cnnstudentnews.blogs.cnn.com/2012/12/17/keeping-kids-safer/?hpt=us_bn6,no
20130103234336,http://www.cnn.com/2013/01/03/us/ice-child-abuse-arrests/index.html?hpt=us_c2,no
20130109000300,http://lightyears.blogs.cnn.com/2013/01/08/planets-planets-planets/?hpt=us_t2,no
20130103040136,http://www.cnn.com/2013/01/01/us/colorado-marijuana-club/index.html?hpt=us_t4,no
20130103234336,http://www.cnn.com/2013/01/01/us/colorado-marijuana-club/index.html?hpt=us_t5,no
20130115045048,http://www.cnn.com/2013/01/14/justice/california-shooting/index.html?hpt=us_c2,no
20130111213553,http://www.cnn.com/2013/01/10/health/flu-vaccines-tamiflu/index.html?hpt=us_c2,no
20130115045048,http://www.cnn.com/2013/01/14/justice/thomas-court-speaks/index.html?hpt=us_c2,no
20130101195728,http://www.cnn.com/2013/01/01/us/iyw-welcome-home-benejam/index.html?hpt=us_c2,no
20130125223839,http://www.cnn.com/2013/01/25/politics/preston-jindal-rnc/index.html?hpt=us_c2,no
20130111081219,http://www.cnn.com/2013/01/09/opinion/shane-smarter-guns/index.html?hpt=us_mid,no
20130109050826,http://lightyears.blogs.cnn.com/2013/01/08/planets-planets-planets/?hpt=us_bn1,no
20130109000300,http://www.cnn.com/2013/01/08/travel/dreamliner-fuel-leak/index.html?hpt=us_c2,no
20130109000300,http://www.cnn.com/2013/01/08/justice/alabama-terror-plot/index.html?hpt=us_c2,no
20130123133458,http://www.cnn.com/2013/01/23/justice/new-mexico-shooting/index.html?hpt=us_c1,no
20130109050826,http://www.cnn.com/2013/01/08/health/women-binge-drinking/index.html?hpt=us_c2,no
20130111213553,http://www.cnn.com/2013/01/11/us/texas-planned-parenthood/index.html?hpt=us_c2,no
20130120043344,http://www.cnn.com/2013/01/19/sport/manti-teo-controversy/index.html?hpt=us_c1,no
20130117185029,http://www.cnn.com/2013/01/17/sport/manti-teo-controversy/index.html?hpt=us_c1,no
20130122231959,http://www.cnn.com/2013/01/22/justice/new-mexico-shooting/index.html?hpt=us_c2,no
20130103040136,http://www.cnn.com/2013/01/01/us/iyw-welcome-home-benejam/index.html?hpt=us_t2,no
20130111081219,http://www.cnn.com/2013/01/10/health/flu-vaccines-tamiflu/index.html?hpt=us_c1,no
20130122064324,http://www.cnn.com/2013/01/20/justice/new-mexico-shooting/index.html?hpt=us_c1,no
20130123133458,http://cnnstudentnews.blogs.cnn.com/2013/01/22/violence-connection/?hpt=us_bn6,no
20130103040136,http://www.cnn.com/2013/01/02/health/overweight-mortality/index.html?hpt=us_c2,no
20130105014032,http://www.cnn.com/2013/01/04/justice/florida-baby-killed/index.html?hpt=us_c2,no
20130109000300,http://www.cnn.com/2013/01/07/us/piers-morgan-guns-debate/index.html?hpt=us_t5,no
20130103234336,http://www.cnn.com/2013/01/01/us/iyw-welcome-home-benejam/index.html?hpt=us_t4,no
20130101195728,http://www.cnn.com/2012/12/26/opinion/krauss-grief-faith/index.html?hpt=us_mid,no
20130101195728,http://www.cnn.com/2012/12/31/us/texas-planned-parenthood/index.html?hpt=us_c2,no
20130111081219,http://www.cnn.com/2013/01/10/us/home-invasion-gun-rights/index.html?hpt=us_c2,no
20130113224151,http://www.cnn.com/2013/01/12/us/troops-cultural-training/index.html?hpt=us_t2,no
20130101195728,http://www.cnn.com/2012/12/31/us/new-years-drag-queen-drop/index.html?hpt=us_t4,no
20130103040136,http://www.cnn.com/2013/01/02/opinion/rothkopf-cliff-deal/index.html?hpt=us_mid,no
20130125151244,http://www.cnn.com/2013/01/24/opinion/jones-sports-writers/index.html?hpt=us_c2,no
20130109000300,http://www.cnn.com/2013/01/08/us/texas-track-coach-resigns/index.html?hpt=us_c2,no
20130118221825,http://www.cnn.com/2013/01/17/politics/bloomberg-interview/index.html?hpt=us_c2,no
20130108011456,http://www.cnn.com/2013/01/07/opinion/notre-dame-v-alabama/index.html?hpt=us_t2,no
20130118221825,http://www.cnn.com/2013/01/18/opinion/mills-mlk-day-selma/index.html?hpt=us_mid,no
20130116044006,http://cnnradio.cnn.com/2013/01/15/can-lance-armstrong-compete-again/?hpt=us_c2,no
20130115045048,http://www.cnn.com/2013/01/13/opinion/azriel-hagel-israel/index.html?hpt=us_mid,no
20130111213553,http://www.cnn.com/2013/01/11/opinion/carroll-health-study/index.html?hpt=us_c2,no
20130117185029,http://www.cnn.com/2013/01/16/sport/manti-teo-social-media/index.html?hpt=us_c1,no
20130101195728,http://www.cnn.com/2012/12/20/world/your-best-moment-2012/index.html?hpt=us_bn3,no
20130101195728,http://www.cnn.com/2012/12/26/opinion/yang-climate-change/index.html?hpt=us_mid,no
20130115045048,http://www.cnn.com/2013/01/14/opinion/ghitis-obama-energy/index.html?hpt=us_mid,no
20130122231959,http://www.cnn.com/2013/01/22/opinion/kozachik-gun-buyback/index.html?hpt=us_c2,no
20130118221825,http://www.cnn.com/2013/01/18/opinion/avlon-gop-diversity/index.html?hpt=us_mid,no
20130103040136,http://www.cnn.com/2013/01/02/us/colorado-theater-shooting/index.html?hpt=us_c2,no
20130103234336,http://www.cnn.com/2013/01/03/opinion/zelizer-shadow-bush/index.html?hpt=us_mid,no
20130103040136,http://www.cnn.com/2013/01/01/us/pennsylvania-lawsuit-ncaa/index.html?hpt=us_c2,no
20130115045048,http://www.cnn.com/2013/01/14/us/new-york-school-bus-strike/index.html?hpt=us_c2,no
20130101195728,http://www.cnn.com/2012/12/30/opinion/bauerlein-novel-2013/index.html?hpt=us_mid,no
20130117185029,http://www.cnn.com/2013/01/17/opinion/jean-russia-adoption/index.html?hpt=us_mid,no
20130105014032,http://www.cnn.com/2013/01/04/travel/minnesota-pilot-arrest/index.html?hpt=us_c2,no
20130117185029,http://www.cnn.com/2013/01/16/opinion/waldman-guns-control/index.html?hpt=us_mid,no
20130105014032,http://www.cnn.com/2013/01/03/us/medical-helicopter-crashes/index.html?hpt=us_c2,no
20130125151244,http://www.cnn.com/2013/01/24/politics/congress-gun-control/index.html?hpt=us_c2,no
20130125151244,http://www.cnn.com/2013/01/25/opinion/kurtz-media-manti-teo/index.html?hpt=us_c2,no
20130111081219,http://www.cnn.com/2013/01/10/us/california-school-shooting/index.html?hpt=us_c2,no
20130113224151,http://www.cnn.com/2013/01/11/living/mnn-pet-airline-deaths/index.html?hpt=us_t5,no
20130109050826,http://www.cnn.com/2013/01/08/us/whale-wars-captain-resigns/index.html?hpt=us_c2,no
20130101195728,http://www.cnn.com/2013/01/01/us/maryland-same-sex-marriage/index.html?hpt=us_c2,no
20130116044006,http://cnnstudentnews.blogs.cnn.com/2013/01/15/armstrongs-rough-ride/?hpt=us_bn6,no
20130113224151,http://www.cnn.com/2013/01/13/politics/george-bush-hospital/index.html?hpt=us_c2,no
20130109050826,http://www.cnn.com/2013/01/08/us/california-gay-eagle-scout/index.html?hpt=us_c2,no
20130109000300,http://www.cnn.com/2013/01/08/us/fort-bragg-same-sex-spouse/index.html?hpt=us_c1,no
20130125223839,http://www.cnn.com/2013/01/25/living/super-bowl-party-plans/index.html?hpt=us_t2,no
20130111213553,http://www.cnn.com/2013/01/11/living/mnn-pet-airline-deaths/index.html?hpt=us_t3,no
20130108011456,http://www.cnn.com/2013/01/07/opinion/salam-chris-christie/index.html?hpt=us_mid,no
20130108011456,http://www.cnn.com/2013/01/07/opinion/pearlman-rgiii-injury/index.html?hpt=us_c2,no
20130111213553,http://www.cnn.com/2013/01/10/us/california-school-shooting/index.html?hpt=us_c1,no
20130118221825,http://www.cnn.com/2013/01/18/us/philadelphia-subway-attack/index.html?hpt=us_c2,no
20130122064324,http://www.cnn.com/interactive/2013/01/politics/inauguration-ireport/?hpt=us_bn3,no
20130116212106,http://www.cnn.com/2013/01/16/politics/inauguration-security/index.html?hpt=us_c2,no
20130108011456,http://www.cnn.com/2013/01/07/opinion/bergen-brennan-drones/index.html?hpt=us_mid,no
20130122231959,http://www.cnn.com/2013/01/22/justice/texas-college-shooting/index.html?hpt=us_c1,no
20130108011456,http://www.cnn.com/2013/01/07/showbiz/california-howser-obit/index.html?hpt=us_c2,no
20130111081219,http://www.cnn.com/2013/01/10/travel/flight-movie-united-232/index.html?hpt=us_c2,no
20130105014032,http://www.cnn.com/2013/01/04/justice/ohio-rape-online-video/index.html?hpt=us_c1,no
20130105014032,http://www.cnn.com/2013/01/04/politics/house-sandy-bill-vote/index.html?hpt=us_c2,no
20130116044006,http://www.cnn.com/2013/01/15/tech/web/aaron-swartz-internet/index.html?hpt=us_c2,no
20130109000300,http://www.cnn.com/2013/01/07/justice/illinois-lottery-death/index.html?hpt=us_c2,no
20130122064324,http://www.cnn.com/2013/01/20/politics/top-5-inaug-addresses/index.html?hpt=us_t5,no
20130111081219,http://cnnradio.cnn.com/2013/01/09/military-suicides-the-enemy-within/?hpt=us_mid,no
20130115045048,http://www.cnn.com/2013/01/14/us/universal-background-checks/index.html?hpt=us_c2,no
20130105014032,http://www.cnn.com/2013/01/04/opinion/wolraich-gop-strategy/index.html?hpt=us_mid,no
20130111213553,http://www.cnn.com/2013/01/11/opinion/warren-guantanamo-bay/index.html?hpt=us_mid,no
20130116044006,http://www.cnn.com/2013/01/15/justice/pennsylvania-abduction/index.html?hpt=us_c2,no
20130111081219,http://www.cnn.com/2013/01/10/us/marines-gun-control-ireport/index.html?hpt=us_c2,no
20130103234336,http://www.cnn.com/2013/01/02/business/al-jazeera-current-tv/index.html?hpt=us_c2,no
20130123133458,http://www.cnn.com/2013/01/22/justice/texas-college-shooting/index.html?hpt=us_c2,no
20130125151244,http://www.cnn.com/2013/01/25/opinion/leed-women-in-infantry/index.html?hpt=us_c2,no
20130103234336,http://www.cnn.com/2013/01/03/justice/ohio-rape-online-video/index.html?hpt=us_c2,no
20130101195728,http://news.blogs.cnn.com/2012/12/19/obama-is-times-person-of-the-year/?hpt=us_r1,no
20130105014032,http://www.cnn.com/2013/01/04/opinion/al-jazeera-commentary/index.html?hpt=us_mid,no
20130106213527,http://www.cnn.com/2013/01/06/us/washington-skydiver-missing/index.html?hpt=us_c2,no
20130115045048,http://www.cnn.com/2013/01/13/opinion/greene-names-changing/index.html?hpt=us_mid,no
20130111213553,http://www.cnn.com/2013/01/11/us/minnesota-missing-boy-found/index.html?hpt=us_c2,no
20130111081219,http://www.cnn.com/2013/01/10/us/pennsylvania-sandusky-appeal/index.html?hpt=us_c2,no
20130125151244,http://www.cnn.com/2013/01/23/opinion/avlon-no-budget-no-pay/index.html?hpt=us_mid,no
20130109000300,http://cnnradio.cnn.com/2013/01/08/christians-dont-agree-on-gun-control/?hpt=us_c2,no
20130103234336,http://www.cnn.com/2013/01/02/travel/guns-airport-checkpoints/index.html?hpt=us_c2,no
20130101195728,http://www.cnn.com/2013/01/01/opinion/wolfe-end-rape-in-2013/index.html?hpt=us_mid,no
20130122231959,http://news.blogs.cnn.com/2013/01/22/shooting-reported-at-texas-college/?hpt=us_c1,no
20130116044006,http://www.cnn.com/2013/01/15/opinion/weinberger-aaron-swartz/index.html?hpt=us_c2,no
20130103234336,http://www.cnn.com/2013/01/03/opinion/wann-fat-and-fit-study/index.html?hpt=us_mid,no
20130120043344,http://www.cnn.com/2013/01/18/justice/michigan-crime-facebook/index.html?hpt=us_c2,no
20130109050826,http://cnnradio.cnn.com/2013/01/08/christians-dont-agree-on-gun-control/?hpt=us_t3,no
20130116044006,http://www.cnn.com/2013/01/15/opinion/clinton-day-of-service/index.html?hpt=us_mid,no
20130103040136,http://www.cnn.com/2013/01/02/travel/guns-airport-checkpoints/index.html?hpt=us_c1,no
20130106213527,http://www.cnn.com/2013/01/06/sport/texas-track-coach-resigns/index.html?hpt=us_c1,no
20130116044006,http://www.cnn.com/2013/01/15/justice/florida-child-sex-sting/index.html?hpt=us_c2,no
20130103040136,http://www.cnn.com/2013/01/02/opinion/bennett-fracking-movie/index.html?hpt=us_mid,no
20130125223839,http://www.cnn.com/2013/01/25/justice/detroit-kilpatrick-jail/index.html?hpt=us_c2,no
20130116044006,http://www.cnn.com/2013/01/15/opinion/shapiro-senate-politics/index.html?hpt=us_mid,no
20130118221825,http://www.cnn.com/2013/01/18/politics/10-inauguration-moments/index.html?hpt=us_c2,no
20130108011456,http://www.cnn.com/2013/01/07/politics/north-carolina-paul-son/index.html?hpt=us_c2,no
20130118221825,http://www.cnn.com/2013/01/17/opinion/traina-child-farm-labor/index.html?hpt=us_mid,no
20130103040136,http://www.cnn.com/2013/01/02/opinion/makary-hospital-doctors/index.html?hpt=us_mid,no
20130122064324,http://cnnstudentnews.blogs.cnn.com/2013/01/21/second-term-expectations/?hpt=us_bn6,no
20130101195728,http://sportsillustrated.cnn.com/main/photos/1212/breakout-athletes-2012?xid=cnnbin,no
20130109050826,http://www.cnn.com/2013/01/08/showbiz/new-jersey-tony-lip-obit/index.html?hpt=us_c2,no
20130103040136,http://www.cnn.com/2013/01/02/us/california-clippers-owner-son/index.html?hpt=us_c2,no
20130109000300,http://news.blogs.cnn.com/2013/01/04/obamas-re-election-is-made-official/?hpt=us_r1,no
20130101195728,http://www.cnn.com/2012/12/31/opinion/frum-appreciate-hw-bush/index.html?hpt=us_mid,no
20130116044006,http://www.cnn.com/2013/01/15/us/armstrong-critics-vindication/index.html?hpt=us_c2,no
20130109000300,http://www.cnn.com/2013/01/08/opinion/seymour-django-spike-lee/index.html?hpt=us_c2,no
20130106213527,http://www.cnn.com/2013/01/05/justice/colorado-aurora-standoff/index.html?hpt=us_c2,no
20130109050826,http://www.cnn.com/2013/01/08/opinion/seymour-django-spike-lee/index.html?hpt=us_mid,no
20130122231959,http://www.cnn.com/2013/01/22/opinion/afghanistan-us-tough-love/index.html?hpt=us_c2,no
20130115045048,http://www.cnn.com/2013/01/13/opinion/hancock-technology-lying/index.html?hpt=us_mid,no
20130113224151,http://www.cnn.com/2013/01/13/us/new-york-loaded-antique-cannon/index.html?hpt=us_c2,no
20130108011456,http://www.cnn.com/2013/01/07/justice/colorado-theater-shooting/index.html?hpt=us_c2,no
20130113224151,http://www.cnn.com/2013/01/12/us/american-taliban-prison-prayer/index.html?hpt=us_c2,no
20130108011456,http://www.cnn.com/2013/01/06/opinion/flynn-storms-preparation/index.html?hpt=us_mid,no
20130125151244,http://www.cnn.com/2013/01/25/opinion/mccaffery-mickelson-taxes/index.html?hpt=us_t2,no
20130111213553,http://www.cnn.com/2013/01/11/health/top-flu-questions-answered/index.html?hpt=us_c2,no
20130116212106,http://www.cnn.com/2013/01/16/opinion/ferguson-nra-video-games/index.html?hpt=us_mid,no
20130123133458,http://www.cnn.com/2013/01/22/us/pennsylvania-doctor-found-dead/index.html?hpt=us_c2,no
20130112202834,http://www.cnn.com/2013/01/11/health/top-flu-questions-answered/index.html?hpt=us_c1,no
20130125151244,http://cnnstudentnews.blogs.cnn.com/2013/01/23/star-spangled-controversy/?hpt=us_bn6,no
20130122231959,http://www.cnn.com/2013/01/22/health/roe-wade-abortion-timeline/index.html?hpt=us_c2,no
20130111081219,http://www.cnn.com/2013/01/10/health/what-to-do-if-you-have-flu/index.html?hpt=us_c1,no
20130122064324,http://www.cnn.com/2013/01/21/living/books-robert-crais-suspect/index.html?hpt=us_t4,no
20130115045048,http://www.cnn.com/2013/01/14/us/mississippi-river-water-levels/index.html?hpt=us_c2,no
20130122231959,http://www.cnn.com/2013/01/22/us/florida-school-safety-donation/index.html?hpt=us_c2,no
20130111213553,http://www.cnn.com/2013/01/11/justice/colorado-theater-shooting/index.html?hpt=us_c2,no
20130113224151,http://www.cnn.com/2013/01/11/health/top-flu-questions-answered/index.html?hpt=us_t3,no
20130101195728,http://www.cnn.com/2012/12/27/opinion/ghitis-2013-social-change/index.html?hpt=us_mid,no
20130106000648,http://www.cnn.com/2013/01/04/tech/innovation/ces-preview-trends/index.html?hpt=us_t4,no
20130123133458,http://www.cnn.com/2013/01/22/health/roe-wade-abortion-timeline/index.html?hpt=us_mid,no
20130101195728,http://www.cnn.com/2012/12/26/opinion/breland-gergi-gun-victims/index.html?hpt=us_mid,no
20130118221825,http://www.cnn.com/2013/01/18/us/colorado-aurora-theater-reopens/index.html?hpt=us_c2,no
20130125151244,http://www.cnn.com/2013/01/25/justice/colorado-explosives-arrest/index.html?hpt=us_c2,no
20130105014032,http://www.cnn.com/2013/01/04/tech/innovation/ces-preview-trends/index.html?hpt=us_t3,no
20130101195728,http://www.cnn.com/2012/12/30/opinion/carlston-shooting-newtown/index.html?hpt=us_mid,no
20130101195728,http://www.cnn.com/2012/12/29/world/africa/us-nigerian-obama-law/index.html?hpt=us_t5,no
20130125151244,http://www.cnn.com/video/?hpt=us_c2#/video/us/2013/01/24/tsr-dramatic-plane-stunt.cnn,no
20130111081219,http://www.cnn.com/2013/01/09/health/international-health-report/index.html?hpt=us_mid,no
20130103040136,http://www.cnn.com/video/?hpt=us_c2#/video/us/2013/01/03/brooke-penn-gov-sues-ncaa.cnn,no
20130115045048,http://www.cnn.com/2013/01/14/tech/web/aaron-swartz-death-fallout/index.html?hpt=us_c2,no
20130125151244,http://www.cnn.com/2013/01/24/us/woman-combat-afghanistan-profile/index.html?hpt=us_c2,no
20130122064324,http://www.cnn.com/2013/01/19/us/north-carolina-gun-show-shooting/index.html?hpt=us_c2,no
20130115045048,http://www.cnn.com/2013/01/12/us/kelly-giffords-brady-gun-control/index.html?hpt=us_t3,no
20130101195728,http://sportsillustrated.cnn.com/nfl/news/20121231/peter-king-mmqb-week-17/?xid=cnnbin,no
20130117185029,http://www.cnn.com/2013/01/16/sport/manti-teo-controversy-catfish/index.html?hpt=us_c1,no
20130101195728,http://www.cnn.com/2013/01/01/opinion/henderson-civil-rights-gop/index.html?hpt=us_mid,no
20130118221825,http://www.cnn.com/2013/01/17/travel/dreamliner-grounding-history/index.html?hpt=us_c2,no
20130115045048,http://www.cnn.com/2013/01/14/us/connecticut-newtown-one-month-on/index.html?hpt=us_c1,no
20130101195728,http://www.cnn.com/2012/12/27/opinion/macintosh-gun-firm-takeover/index.html?hpt=us_mid,no
20130115045048,http://www.cnn.com/2013/01/14/tech/gaming-gadgets/ces-roundup-2013/index.html?hpt=us_t5,no
20130101195728,http://news.blogs.cnn.com/2012/12/18/3-arrested-in-massive-maple-syrup-heist/?hpt=us_r1,no
20130101195728,http://www.cnn.com/2013/01/01/us/california-new-years-eve-shooting/index.html?hpt=us_c2,no
20130111213553,http://www.cnn.com/2013/01/11/opinion/jefferson-fake-gun-quotation/index.html?hpt=us_c2,no
20130101195728,http://www.cnn.com/2013/01/01/us/hannah-storm-returns-after-injury/index.html?hpt=us_t3,no
20130101195728,http://www.cnn.com/2012/12/31/justice/north-carolina-wilmington-10/index.html?hpt=us_c2,no
20130101195728,http://www.cnn.com/2012/12/28/opinion/navarrette-dreamers-critics/index.html?hpt=us_mid,no
20130117185029,http://lightyears.blogs.cnn.com/2013/01/16/cutting-your-fingernails-in-space/?hpt=us_t2,no
20130109050826,http://www.cnn.com/2013/01/08/justice/new-york-slain-children-fund/index.html?hpt=us_c2,no
20130122231959,http://www.cnn.com/2013/01/22/justice/nevada-police-murder-suicide/index.html?hpt=us_c2,no
20130116044006,http://www.cnn.com/2013/01/15/tech/gaming-gadgets/nra-shooting-game/index.html?hpt=us_c1,no
20130122064324,http://www.cnn.com/2013/01/20/justice/massachusetts-chemist-charged/index.html?hpt=us_c2,no
20130115045048,http://www.cnn.com/2013/01/11/opinion/jefferson-fake-gun-quotation/index.html?hpt=us_mid,no
20130101195728,http://www.cnn.com/2012/12/28/opinion/hayden-intelligence-politics/index.html?hpt=us_mid,no
20130101195728,http://www.cnn.com/2012/12/31/politics/hillary-clinton-hospitalized/index.html?hpt=us_c2,no
20130122231959,http://news.blogs.cnn.com/2013/01/22/existing-home-sales-reach-five-year-high/?hpt=us_r1,no
20130125223839,http://cnnradio.cnn.com/2013/01/23/would-you-hunt-a-snake-that-can-eat-a-deer/?hpt=us_t4,no
20130103040136,http://www.cnn.com/2013/01/02/us/connecticut-newtown-back-to-school/index.html?hpt=us_c2,no
20130101195728,http://sportsillustrated.cnn.com/college-basketball/news/20121231/fast-break/?xid=cnnbin,no
20130118221825,http://lightyears.blogs.cnn.com/2013/01/16/cutting-your-fingernails-in-space/?hpt=us_bn1,no
20130115045048,http://www.cnn.com/2013/01/13/opinion/fleischer-hagel-intimidation/index.html?hpt=us_mid,no
20130108011456,http://www.cnn.com/2013/01/07/tech/gaming-gadgets/5-cool-gadgets-ces/index.html?hpt=us_t5,no
20130103234336,http://www.cnn.com/2013/01/03/travel/united-dreamliner-international/index.html?hpt=us_t3,no
20130122231959,http://www.cnn.com/2013/01/22/justice/new-york-brooklyn-sexual-abuse/index.html?hpt=us_c2,no
20130103040136,http://sportsillustrated.cnn.com/nfl/news/20130102/nfl-playoff-power-rankings/?xid=cnnbin,no
20130101195728,http://lightyears.blogs.cnn.com/2012/12/03/curiositys-middle-name-is-patience/?hpt=us_bn1,no
20130109050826,http://www.cnn.com/2013/01/08/us/illinois-immigrant-drivers-licenses/index.html?hpt=us_c2,no
20130122064324,http://www.cnn.com/2013/01/21/politics/ticketmaster-date-night-saved/index.html?hpt=us_c2,no
20130108011456,http://www.cnn.com/2013/01/07/sport/golf/pga-tour-winds-kapalua-golf/index.html?hpt=us_c2,no
20130117185029,http://www.cnn.com/2013/01/16/politics/obama-gun-violence-provisions/index.html?hpt=us_c2,no
20130116044006,http://www.cnn.com/2013/01/11/opinion/jefferson-fake-gun-quotation/index.html ?hpt=us_bn3,no
20130116212106,http://www.cnn.com/2013/01/16/opinion/nathan-comments-on-pot-column/index.html?hpt=us_mid,no
20130109050826,http://www.cnn.com/2013/01/08/politics/new-jersey-state-of-the-state/index.html?hpt=us_c2,no
20130125223839,http://www.cnn.com/2013/01/25/justice/anthony-convictions-overturned/index.html?hpt=us_c2,no
20130118221825,http://www.cnn.com/2013/01/18/justice/louisiana-former-mayor-indicted/index.html?hpt=us_c1,no
20130122231959,http://news.blogs.cnn.com/2013/01/21/the-buzz-fiasco-performance-ends-in-fiasco/?hpt=us_r1,no
20130123133458,http://www.cnn.com/2013/01/22/travel/southwest-new-fee-early-boarding/index.html?hpt=us_t3,no
20130105014032,http://www.cnn.com/2013/01/03/health/new-childrens-hospital-parenting/index.html?hpt=us_t5,no
20130103234336,http://www.cnn.com/2013/01/03/health/new-childrens-hospital-parenting/index.html?hpt=us_t2,no
20130120043344,http://www.cnn.com/video/?hpt=us_c1#/video/bestoftv/2013/01/18/exp-point-rosenhaus-teo.cnn,no
20130118221825,http://www.cnn.com/2013/01/18/health/lance-armstrong-cancer-survivors/index.html?hpt=us_c2,no
20130118221825,http://www.cnn.com/2013/01/17/showbiz/dear-abby-pauline-phillips-obit/index.html?hpt=us_t3,no
20130106213527,http://sportsillustrated.cnn.com/nfl/news/20130105/nfl-playoffs-texans-bengals/?xid=cnnbin,no
20130117185029,http://www.cnn.com/2013/01/16/business/dreamliner-grounding-explainer/index.html?hpt=us_c2,no
20130116212106,http://www.cnn.com/2013/01/15/opinion/opinion-roundup-lance-armstrong/index.html?hpt=us_c2,no
20130116044006,http://www.cnn.com/2013/01/15/tech/social-media/facebook-graph-search/index.html?hpt=us_t5,no
20130120043344,http://www.cnn.com/2013/01/18/justice/louisiana-former-mayor-indicted/index.html?hpt=us_c2,no
20130105014032,http://www.cnn.com/2013/01/04/justice/native-american-adoption-dispute/index.html?hpt=us_c2,no
20130116044006,http://www.cnn.com/2013/01/15/opinion/rothkopf-obama-gop-debt-ceiling/index.html?hpt=us_mid,no
20130116044006,http://www.cnn.com/2013/01/15/travel/san-francisco-harvey-milk-airport/index.html?hpt=us_c2,no
20130103234336,http://sportsillustrated.cnn.com/nfl/news/20130103/nfl-playoffs-wild-card-picks/?xid=cnnbin,no
20130111213553,http://www.cnn.com/2013/01/11/opinion/hayes-gun-control-attention-span/index.html?hpt=us_c2,no
20130103234336,http://sportsillustrated.cnn.com/college-basketball/news/20130103/hoop-thoughts/?xid=cnnbin,no
20130111213553,http://www.cnn.com/2013/01/10/tech/gaming-gadgets/health-tech-ces-2013/index.html?hpt=us_c2,no
20130111081219,http://cnnstudentnews.blogs.cnn.com/2013/01/09/no-new-names-at-the-hall-of-fame/?hpt=us_bn6,no
20130117185029,http://www.cnn.com/2013/01/17/opinion/francis-gun-control-groundswell/index.html?hpt=us_mid,no
20130103040136,http://www.cnn.com/2013/01/02/health/hillary-clinton-blood-clot-future/index.html?hpt=us_c2,no
20130125223839,http://news.blogs.cnn.com/2013/01/25/former-cia-officer-gets-30-months-in-prison/?hpt=us_r1,no
20130103040136,http://www.cnn.com/2013/01/02/showbiz/california-bieber-paparazo-death/index.html?hpt=us_c2,no
20130117185029,http://www.cnn.com/2013/01/16/living/michelle-obama-style-inauguration/index.html?hpt=us_t5,no
20130116044006,http://www.cnn.com/2013/01/14/opinion/granderson-movie-violence-globes/index.html?hpt=us_mid,no
20130122064324,http://www.cnn.com/2013/01/20/world/asia/philippines-us-navy-ship-stuck/index.html?hpt=us_c2,no
20130105014032,http://www.cnn.com/2013/01/03/us/connecticut-newtown-first-day-of-class/index.html?hpt=us_c2,no
20130125151244,http://lightyears.blogs.cnn.com/2013/01/23/braids-may-heat-suns-corona-study-says/?hpt=us_c2,no
20130101195728,http://www.cnn.com/2012/12/28/tech/innovation/top-science-stories-2012/index.html?hpt=us_bn1,no
20130103234336,http://www.cnn.com/2013/01/03/us/connecticut-newtown-first-day-of-class/index.html?hpt=us_c1,no
20130105014032,http://www.cnn.com/2013/01/04/us/connecticut-newtown-gabrielle-giffords/index.html?hpt=us_c2,no
20130111213553,http://lightyears.blogs.cnn.com/2013/01/11/mars-rover-landing-engineer-looks-back/?hpt=us_t4,no
20130106213527,http://sportsillustrated.cnn.com/nba/photos/1301/celebrities-at-nba-games-2012-13/?xid=cnnbin,no
20130115045048,http://lightyears.blogs.cnn.com/2013/01/11/mars-rover-landing-engineer-looks-back/?hpt=us_bn1,no
20130105014032,http://www.cnn.com/2013/01/04/opinion/murray-violence-against-women-act/index.html?hpt=us_mid,no
20130117185029,http://www.cnn.com/2013/01/17/justice/colorado-theater-shooting-lawsuits/index.html?hpt=us_c2,no
20130103234336,http://www.cnn.com/2013/01/03/opinion/navarrette-republicans-cliff-deal/index.html?hpt=us_mid,no
20130125223839,http://cnnradio.cnn.com/2013/01/24/after-death-great-poet-still-speaks-out-on-guns/?hpt=us_t3,no
20130122231959,http://www.cnn.com/2013/01/21/tech/social-media/best-inauguration-tweets/index.html?hpt=us_t5,no
20130122064324,http://www.cnn.com/2013/01/21/tech/social-media/best-inauguration-tweets/index.html?hpt=us_t3,no
20130105014032,http://sportsillustrated.cnn.com/nfl/photos/1301/nfl-playoffs-potential-x-factors/?xid=cnnbin,no
20130125223839,http://news.blogs.cnn.com/2013/01/25/obama-to-announce-mcdonough-as-chief-of-staff/?hpt=us_r1,no
20130116044006,http://www.cnn.com/2013/01/15/justice/connecticut-charity-scam-indictment/index.html?hpt=us_c2,no
20130105014032,http://lightyears.blogs.cnn.com/2013/01/04/mars-exploration-caching-in-on-the-clays/?hpt=us_t2,no
20130106213527,http://www.cnn.com/2013/01/05/justice/ohio-steubenville-alleged-rape-case/index.html?hpt=us_c2,no
20130112202834,http://www.cnn.com/2013/01/11/justice/california-school-shooting-teachers/index.html?hpt=us_c2,no
20130111213553,http://www.cnn.com/2013/01/11/justice/california-school-shooting-teachers/index.html?hpt=us_c1,no
20130106000648,http://www.cnn.com/2013/01/05/justice/ohio-steubenville-alleged-rape-case/index.html?hpt=us_c1,no
20130106000648,http://lightyears.blogs.cnn.com/2013/01/04/mars-exploration-caching-in-on-the-clays/?hpt=us_t3,no
20130116212106,http://news.blogs.cnn.com/2013/01/15/livestrong-board-member-devastated-but-hopeful/?hpt=us_r1,no
20130109000300,http://www.cnn.com/2013/01/07/justice/ohio-steubenville-alleged-rape-case/index.html?hpt=us_c2,no
20130108011456,http://lightyears.blogs.cnn.com/2013/01/04/mars-exploration-caching-in-on-the-clays/?hpt=us_t4,no
20130101195728,http://politicalticker.blogs.cnn.com/2013/01/01/obama-insisted-on-sequester-buy-down/?hpt=us_c1,no
20130116212106,http://news.blogs.cnn.com/2013/01/16/obama-to-announce-gun-control-proposals-shortly/?hpt=us_c1,no
20130117185029,http://news.blogs.cnn.com/2013/01/16/obama-to-announce-gun-control-proposals-shortly/?hpt=us_c2,no
20130111081219,http://www.cnn.com/video/?hpt=us_c1#/video/health/2013/01/11/ac-gupta-flu-outbreak-epidemic.cnn,no
20130125151244,http://www.cnn.com/video/?hpt=us_c2#/video/bestoftv/2013/01/24/exp-tsr-bash-gun-legislation.cnn,no
20130125151244,http://lightyears.blogs.cnn.com/2013/01/24/did-earth-get-zapped-in-the-eighth-century/?hpt=us_c1,no
20130117185029,http://www.cnn.com/2013/01/16/justice/philadelphia-child-abduction-suspects/index.html?hpt=us_c2,no
20130103040136,http://news.blogs.cnn.com/2012/12/31/twitterverse-explodes-kim-kardashian-is-pregnant/?hpt=us_r1,no
20130125223839,http://lightyears.blogs.cnn.com/2013/01/24/did-earth-get-zapped-in-the-eighth-century/?hpt=us_t5,no
20130120043344,http://www.cnn.com/video/?hpt=us_c2#/video/us/2013/01/19/dnt-mi-suspect-shot-after-abduction.wpbn,no
20130103040136,http://www.cnn.com/video/?hpt=us_t3#/video/international/2013/01/02/tsr-moos-boat-versus-fire.cnn,no
20130109000300,http://news.blogs.cnn.com/2013/01/08/giffords-launches-website-to-prevent-gun-violence/?hpt=us_r1,no
20130122064324,http://inamerica.blogs.cnn.com/2013/01/21/latino-minister-fires-up-ebenezer-on-king-day/?hpt=us_c2,no
20130111081219,http://lightyears.blogs.cnn.com/2013/01/10/cameras-crash-from-65000-feet-videos-survive/?hpt=us_t3,no
20130103040136,http://news.blogs.cnn.com/2013/01/02/pennsylvania-to-sue-ncaa-over-penn-state-sanctions/?hpt=us_r1,no
20130109000300,http://news.blogs.cnn.com/2013/01/07/hillary-clinton-back-at-work-with-a-football-helmet/?hpt=us_r1,no
20130122231959,http://www.cnn.com/video/?hpt=us_c1#/video/us/2013/01/22/nr-texas-college-shooting-witness-bpr.kprc,no
20130109000300,http://religion.blogs.cnn.com/2013/01/08/my-take-atheist-isnt-a-dirty-word-congresswoman/?hpt=us_c2,no
20130101195728,http://news.blogs.cnn.com/2012/12/20/boys-make-the-right-move-with-loaded-gun-in-theater/?hpt=us_r1,no
20130103234336,http://www.cnn.com/2013/01/03/opinion/borger-fiscal-cliff-predictable-disaster/index.html?hpt=us_mid,no
20130116044006,http://schoolsofthought.blogs.cnn.com/2013/01/15/school-celebrates-teachers-99th-birthday/?hpt=us_t4,no
20130103234336,http://sportsillustrated.cnn.com/nfl/news/20130103/nfl-playoffs-peter-king-team-previews/?xid=cnnbin,no
20130116212106,http://schoolsofthought.blogs.cnn.com/2013/01/15/school-celebrates-teachers-99th-birthday/?hpt=us_t5,no
20130125223839,http://news.blogs.cnn.com/2013/01/24/nothing-ruled-out-as-ntsb-studies-dreamliner-battery/?hpt=us_r1,no
20130125223839,http://cnnradio.cnn.com/2013/01/25/cnn-profiles-can-this-marriage-save-american-politics/?hpt=us_bn5,no
20130125223839,http://news.blogs.cnn.com/2013/01/25/georgia-sen-saxby-chambliss-to-retire-at-end-of-term/?hpt=us_r1,no
20130101195728,http://news.blogs.cnn.com/2012/12/25/21-vehicle-accident-shuts-down-interstate-in-oklahoma/?hpt=us_r1,no
20130117185029,http://www.cnn.com/2013/01/17/sport/tennis/serena-williams-federer-murray-tennis/index.html?hpt=us_c2,no
20130101195728,http://news.blogs.cnn.com/2012/12/24/firefighters-responding-to-house-fire-met-with-gunfire/?hpt=us_r1,no
20130111213553,http://www.cnn.com/video/?hpt=us_c1#/video/crime/2013/01/11/erin-lah-high-school-shooting-hit-list.cnn,no
20130122231959,http://news.blogs.cnn.com/2013/01/22/nfl-reinstates-saints-payton-after-yearlong-suspension/?hpt=us_r1,no
20130109050826,http://schoolsofthought.blogs.cnn.com/2013/01/08/whats-michelle-rhees-legacy-in-d-c-schools/?hpt=us_t2,no
20130103040136,http://sportsillustrated.cnn.com/nfl/news/20130102/nfl-draft-bowl-game-preview-4/index.html?xid=cnnbin,no
20130109000300,http://schoolsofthought.blogs.cnn.com/2013/01/08/whats-michelle-rhees-legacy-in-d-c-schools/?hpt=us_t3,no
20130111081219,http://schoolsofthought.blogs.cnn.com/2013/01/08/whats-michelle-rhees-legacy-in-d-c-schools/?hpt=us_bn5,no
20130116212106,http://news.blogs.cnn.com/2013/01/16/interior-secretary-salazar-leaving-obama-administration/?hpt=us_r1,no
20130116212106,http://news.blogs.cnn.com/2013/01/15/military-suicides-approach-record-high-pentagon-reports/?hpt=us_r1,no
20130103040136,http://schoolsofthought.blogs.cnn.com/2013/01/02/in-syria-school-opens-to-displaced-children/?hpt=us_bn5,no
20130122231959,http://news.blogs.cnn.com/2013/01/22/beyonce-lip-synched-during-inaugural-u-s-marine-band-says/?hpt=us_r1,no
20130106213527,http://sportsillustrated.cnn.com/college-football/news/20130105/notre-dame-everett-golson-bcs/?xid=cnnbin,no
20130125151244,http://schoolsofthought.blogs.cnn.com/2013/01/24/40-years-later-free-to-be-you-and-me-at-school/?hpt=us_t5,no
20130101195728,http://sportsillustrated.cnn.com/college-football/news/20121231/jordan-lynch-northern-illinois/?xid=cnnbin,no
20130101195728,http://sportsillustrated.cnn.com/college-football/news/20130101/clemson-beats-lsu-chickfila-bowl?xid=cnnbin,no
20130125223839,http://schoolsofthought.blogs.cnn.com/2013/01/24/40-years-later-free-to-be-you-and-me-at-school/?hpt=us_bn2,no
20130103040136,http://sportsillustrated.cnn.com/multimedia/photo_gallery/1212/leading-off-123112/content.1.html?xid=cnnbin,no
20130105014032,http://sportsillustrated.cnn.com/college-football/news/20130104/brian-kelly-notre-dame-bcs-title/?xid=cnnbin,no
20130103040136,http://news.blogs.cnn.com/2013/01/01/no-leaks-from-grounded-drill-rig-off-alaska-coast-guard-says/?hpt=us_r1,no
20130122231959,http://news.blogs.cnn.com/2013/01/22/guantanamo-bay-detainees-watched-inauguration-spokesman-says/?hpt=us_r1,no
20130122064324,http://thecnnfreedomproject.blogs.cnn.com/2013/01/17/trafficking-survivor-its-time-to-help-others/?hpt=us_mid,no
20130106000648,http://sportsillustrated.cnn.com/college-football/news/20130105/adam-sargent-notre-dame/index.html?xid=cnnbin,no
20130101195728,http://religion.blogs.cnn.com/2012/12/28/my-take-its-time-for-evangelicals-to-speak-up-about-guns/?hpt=us_mid,no
20130116212106,http://news.blogs.cnn.com/2013/01/15/new-york-to-pass-nations-first-gun-bill-since-newtown-shooting/?hpt=us_r1,no
20130103040136,http://sportsillustrated.cnn.com/college-football/news/20130102/stephon-tuitt-notre-dame/index.html?xid=cnnbin,no
20130125151244,http://schoolsofthought.blogs.cnn.com/2013/01/23/tell-your-story-whats-in-the-way-of-your-education/?hpt=us_bn5,no
20130125223839,http://schoolsofthought.blogs.cnn.com/2013/01/23/tell-your-story-whats-in-the-way-of-your-education/?hpt=us_bn2,no
20130101195728,http://inamerica.blogs.cnn.com/2012/12/28/report-atlanta-braves-may-bring-back-screaming-indian-logo/?hpt=us_bn4,no
20130103234336,http://sportsillustrated.cnn.com/multimedia/photo_gallery/1107/athletes.and.their.cars/content.1.html?xid=cnnbin,no
20130112202834,http://schoolsofthought.blogs.cnn.com/2013/01/11/last-school-left-closed-by-superstorm-sandy-re-opens/?hpt=us_c2,no
20130103040136,http://news.blogs.cnn.com/2013/01/02/son-of-los-angeles-clippers-owner-found-dead-team-spokesman-says/?hpt=us_r1,no
20130116212106,http://schoolsofthought.blogs.cnn.com/2013/01/16/my-view-how-mental-health-services-make-schools-safer/?hpt=us_t3,no
20130115045048,http://schoolsofthought.blogs.cnn.com/2013/01/11/last-school-left-closed-by-superstorm-sandy-re-opens/?hpt=us_bn5,no
20130103040136,http://sportsillustrated.cnn.com/college-football/news/20130102/penn-state-lawsuit-analysis/index.html?xid=cnnbin,no
20130108011456,http://schoolsofthought.blogs.cnn.com/2013/01/07/our-view-states-education-laws-arent-making-the-grade/?hpt=us_c2,no
20130101195728,http://schoolsofthought.blogs.cnn.com/2012/12/31/american-chinese-marching-bands-unite-for-rose-parade/?hpt=us_t2,no
20130123133458,http://whatsnext.blogs.cnn.com/2013/01/22/new-interactive-dot-map-aims-to-show-every-person-in-the-u-s/?hpt=us_c2,no
20130101195728,http://news.blogs.cnn.com/2012/12/27/newtown-overwhelmed-by-gifts-asks-for-temporary-halt-of-donations/?hpt=us_r1,no
20130101195728,http://schoolsofthought.blogs.cnn.com/2012/12/24/my-view-dont-harp-on-report-cards-this-holiday-break/?hpt=us_bn5,no
20130105014032,http://schoolsofthought.blogs.cnn.com/2013/01/04/my-view-what-will-you-do-with-an-english-degree-plenty/?hpt=us_t4,no
20130106000648,http://schoolsofthought.blogs.cnn.com/2013/01/04/my-view-what-will-you-do-with-an-english-degree-plenty/?hpt=us_t5,no
20130109000300,http://schoolsofthought.blogs.cnn.com/2013/01/07/our-view-states-education-laws-arent-making-the-grade/?hpt=us_bn5,no
20130101195728,http://schoolsofthought.blogs.cnn.com/2012/12/28/my-view-predictions-for-the-next-decades-of-education/?hpt=us_bn5,no
20130101195728,http://schoolsofthought.blogs.cnn.com/2012/12/21/my-view-toys-your-child-actually-needs-this-christmas/?hpt=us_bn5,no
20130117185029,http://schoolsofthought.blogs.cnn.com/2013/01/16/my-view-how-mental-health-services-make-schools-safer/?hpt=us_bn5,no
20130103234336,http://schoolsofthought.blogs.cnn.com/2012/12/31/american-chinese-marching-bands-unite-for-rose-parade/?hpt=us_bn5,no
20130115045048,http://schoolsofthought.blogs.cnn.com/2013/01/14/my-view-if-we-love-our-children-we-need-to-protect-them/?hpt=us_t4,no
20130105014032,http://sportsillustrated.cnn.com/nba/news/20130104/nba-draft-ben-mclemore-nerlens-noel-shabazz-muhammad/?xid=cnnbin,no
20130108011456,http://schoolsofthought.blogs.cnn.com/2013/01/04/my-view-what-will-you-do-with-an-english-degree-plenty/?hpt=us_bn5,no
20130103234336,http://sportsillustrated.cnn.com/college-football/news/20130102/oregon-kansas-state-fiesta-bowl-preview/?xid=cnnbin,no
20130116044006,http://schoolsofthought.blogs.cnn.com/2013/01/14/my-view-if-we-love-our-children-we-need-to-protect-them/?hpt=us_bn5,no
20130103234336,http://sportsillustrated.cnn.com/college-football/news/20130103/notre-dame-alabama-championships-claimed/?xid=cnnbin,no
20130109000300,http://news.blogs.cnn.com/2013/01/04/lawmaker-new-congressional-makeup-good-for-violence-against-women-act/?hpt=us_r1,no
20130101195728,http://inamerica.blogs.cnn.com/2012/12/26/asian-americans-speak-out-against-google-app-they-call-offensive/?hpt=us_bn4,no
20130103040136,http://inamerica.blogs.cnn.com/2013/01/01/150-years-later-myths-persist-about-the-emancipation-proclamation/?hpt=us_bn4,no
20130111213553,http://schoolsofthought.blogs.cnn.com/2013/01/09/guns-guards-and-posses-schools-try-new-security-strategies/?hpt=us_bn5,no
20130101195728,http://sportsillustrated.cnn.com/video/nfl/20121231/peter-king-black-monday-coaches-fired.sportsillustrated/?xid=cnnbin,no
20130101195728,http://religion.blogs.cnn.com/2012/12/31/pizza-magnate-wins-temporary-ruling-on-contraception-coverage-dispute/?hpt=us_c2,no
20130101195728,http://inamerica.blogs.cnn.com/2012/12/30/a-gritty-tale-of-race-and-exodus-catapults-first-time-author-to-fame/?hpt=us_bn4,no
20130116044006,http://schoolsofthought.blogs.cnn.com/2013/01/15/my-view-crossing-the-line-between-school-safety-and-stupidity/?hpt=us_bn5,no
20130111081219,http://inamerica.blogs.cnn.com/2013/01/09/richard-blanco-becomes-americas-first-latino-openly-gay-inaugural-poet/?hpt=us_mid,no
20130111213553,http://inamerica.blogs.cnn.com/2013/01/11/transgender-teacher-sues-catholic-prep-school-for-alleged-discrimination/?hpt=us_t2,no
20130113224151,http://inamerica.blogs.cnn.com/2013/01/11/transgender-teacher-sues-catholic-prep-school-for-alleged-discrimination/?hpt=us_t4,no
20130115045048,http://inamerica.blogs.cnn.com/2013/01/11/transgender-teacher-sues-catholic-prep-school-for-alleged-discrimination/?hpt=us_bn4,no
20130117185029,http://schoolsofthought.blogs.cnn.com/2013/01/17/my-view-more-school-resource-officers-more-safe-school-communities/?hpt=us_t4,no
20130118221825,http://schoolsofthought.blogs.cnn.com/2013/01/17/my-view-more-school-resource-officers-more-safe-school-communities/?hpt=us_bn5,no
20130120043344,http://www.cnn.com/video/?hpt=us_c1#/video/bestoftv/2013/01/19/ac-manti-teo-girlfriend-timothy-burke-and-tony-barnhart-intv.cnn,no
20130111081219,http://news.blogs.cnn.com/2013/01/10/marine-corps-to-spouse-clubs-allow-same-sex-members-or-you-dont-operate-on-base/?hpt=us_mid,no
20130120043344,http://rss.cnn.com/~r/rss/money_topstories/~3/PxjG0e94FFY/house-republicans-announce-vote-on-three-month-extension-of-debt-ceiling,no
20130118221825,http://schoolsofthought.blogs.cnn.com/2013/01/18/overheard-on-cnn-com-readers-debate-what-really-keeps-kids-safe-at-school/?hpt=us_t5,no
20130122064324,http://schoolsofthought.blogs.cnn.com/2013/01/18/overheard-on-cnn-com-readers-debate-what-really-keeps-kids-safe-at-school/?hpt=us_mid,no
20130125151244,http://inamerica.blogs.cnn.com/2013/01/23/after-nod-from-obama-gay-activists-in-atlanta-to-tackle-much-work-left-to-be-done/?hpt=us_bn4,no
20130105014032,http://sportsillustrated.cnn.com/video/nfl/20130104/nfl-peter-king-last-word-colts-ravens-redskins-seahawks.sportsillustrated/?xid=cnnbin,no
20130125223839,http://schoolsofthought.blogs.cnn.com/2013/01/22/hfr-my-view-hear-the-music-stem-studies-arent-the-only-path-to-a-better-future/?hpt=us_bn2,no
20130122231959,http://schoolsofthought.blogs.cnn.com/2013/01/22/hfr-my-view-hear-the-music-stem-studies-arent-the-only-path-to-a-better-future/?hpt=us_bn5,no
20130116212106,http://politicalticker.blogs.cnn.com/2013/01/15/nra-airs-new-tv-ad-criticizing-obama-on-eve-of-white-house-gun-announcement/?hpt=hp_t1&hpt=us_c1,no
20130125223839,http://schoolsofthought.blogs.cnn.com/2013/01/25/schools-must-provide-sports-for-students-with-disabilities-u-s-department-of-education-says/?hpt=us_c2,no
