20230102044631,http://web.archive.org/web/20230102044631/https://edition.cnn.com/us/crime-and-justice
20230102093035,http://web.archive.org/web/20230102093035/https://edition.cnn.com/us/crime-and-justice
20230103200238,http://web.archive.org/web/20230103200238/https://edition.cnn.com/us/crime-and-justice
20230104200626,http://web.archive.org/web/20230104200626/https://edition.cnn.com/us/crime-and-justice
20230105212811,http://web.archive.org/web/20230105212811/https://edition.cnn.com/us/crime-and-justice
20230106231458,http://web.archive.org/web/20230106231458/https://edition.cnn.com/us/crime-and-justice
20230107203234,http://web.archive.org/web/20230107203234/https://edition.cnn.com/us/crime-and-justice
20230109005907,http://web.archive.org/web/20230109005907/https://edition.cnn.com/us/crime-and-justice
20230110001307,http://web.archive.org/web/20230110001307/https://edition.cnn.com/us/crime-and-justice
20230110222513,http://web.archive.org/web/20230110222513/https://edition.cnn.com/us/crime-and-justice
20230111224506,http://web.archive.org/web/20230111224506/https://edition.cnn.com/us/crime-and-justice
20230112234123,http://web.archive.org/web/20230112234123/https://edition.cnn.com/us/crime-and-justice
20230113100217,http://web.archive.org/web/20230113100217/https://edition.cnn.com/us/crime-and-justice
20230115003543,http://web.archive.org/web/20230115003543/https://edition.cnn.com/us/crime-and-justice
20230116015337,http://web.archive.org/web/20230116015337/https://edition.cnn.com/us/crime-and-justice
20230116185431,http://web.archive.org/web/20230116185431/https://edition.cnn.com/us/crime-and-justice
20230122035028,http://web.archive.org/web/20230122035028/https://edition.cnn.com/us/crime-and-justice
20230130015141,http://web.archive.org/web/20230130015141/https://edition.cnn.com/us/crime-and-justice
20230131011323,http://web.archive.org/web/20230131011323/http://edition.cnn.com/us/crime-and-justice
20230201005342,http://web.archive.org/web/20230201005342/http://edition.cnn.com/us/crime-and-justice
20230201234043,http://web.archive.org/web/20230201234043/https://edition.cnn.com/us/crime-and-justice
20230202233725,http://web.archive.org/web/20230202233725/https://edition.cnn.com/us/crime-and-justice
20230203225951,http://web.archive.org/web/20230203225951/https://edition.cnn.com/us/crime-and-justice
20230204005738,http://web.archive.org/web/20230204005738/https://edition.cnn.com/us/crime-and-justice
20230205234041,http://web.archive.org/web/20230205234041/https://edition.cnn.com/us/crime-and-justice
20230207000056,http://web.archive.org/web/20230207000056/https://edition.cnn.com/us/crime-and-justice
20230207224628,http://web.archive.org/web/20230207224628/https://edition.cnn.com/us/crime-and-justice
20230208223139,http://web.archive.org/web/20230208223139/https://edition.cnn.com/us/crime-and-justice
20230209225308,http://web.archive.org/web/20230209225308/https://edition.cnn.com/us/crime-and-justice
20230210230650,http://web.archive.org/web/20230210230650/https://edition.cnn.com/us/crime-and-justice
20230211233630,http://web.archive.org/web/20230211233630/https://edition.cnn.com/us/crime-and-justice
20230212235630,http://web.archive.org/web/20230212235630/https://edition.cnn.com/us/crime-and-justice
20230213232110,http://web.archive.org/web/20230213232110/https://edition.cnn.com/us/crime-and-justice
20230214234959,http://web.archive.org/web/20230214234959/https://edition.cnn.com/us/crime-and-justice
20230216012427,http://web.archive.org/web/20230216012427/https://edition.cnn.com/us/crime-and-justice
20230216234642,http://web.archive.org/web/20230216234642/https://edition.cnn.com/us/crime-and-justice
20230217040000,http://web.archive.org/web/20230217040000/https://edition.cnn.com/us/crime-and-justice
20230219003912,http://web.archive.org/web/20230219003912/https://edition.cnn.com/us/crime-and-justice
20230220004607,http://web.archive.org/web/20230220004607/https://edition.cnn.com/us/crime-and-justice
20230220224428,http://web.archive.org/web/20230220224428/https://edition.cnn.com/us/crime-and-justice
20230221133328,http://web.archive.org/web/20230221133328/https://edition.cnn.com/us/crime-and-justice
20230223000711,http://web.archive.org/web/20230223000711/https://edition.cnn.com/us/crime-and-justice
20230224001731,http://web.archive.org/web/20230224001731/https://edition.cnn.com/us/crime-and-justice
20230225003812,http://web.archive.org/web/20230225003812/https://edition.cnn.com/us/crime-and-justice
20230226011608,http://web.archive.org/web/20230226011608/https://edition.cnn.com/us/crime-and-justice
20230227020118,http://web.archive.org/web/20230227020118/https://edition.cnn.com/us/crime-and-justice
20230228022324,http://web.archive.org/web/20230228022324/https://edition.cnn.com/us/crime-and-justice
20230301032411,http://web.archive.org/web/20230301032411/https://edition.cnn.com/us/crime-and-justice
20230302034121,http://web.archive.org/web/20230302034121/https://edition.cnn.com/us/crime-and-justice
20230302113440,http://web.archive.org/web/20230302113440/https://edition.cnn.com/us/crime-and-justice
20230303204008,http://web.archive.org/web/20230303204008/https://edition.cnn.com/us/crime-and-justice
20230304102205,http://web.archive.org/web/20230304102205/http://edition.cnn.com/us/crime-and-justice
20230305131937,http://web.archive.org/web/20230305131937/https://edition.cnn.com/us/crime-and-justice
20230307005312,http://web.archive.org/web/20230307005312/https://edition.cnn.com/us/crime-and-justice
20230307221516,http://web.archive.org/web/20230307221516/https://edition.cnn.com/us/crime-and-justice
20230308223847,http://web.archive.org/web/20230308223847/https://edition.cnn.com/us/crime-and-justice
20230309231656,http://web.archive.org/web/20230309231656/https://edition.cnn.com/us/crime-and-justice
20230310232222,http://web.archive.org/web/20230310232222/https://edition.cnn.com/us/crime-and-justice
20230312000746,http://web.archive.org/web/20230312000746/https://edition.cnn.com/us/crime-and-justice
20230312223414,http://web.archive.org/web/20230312223414/https://edition.cnn.com/us/crime-and-justice
20230313204302,http://web.archive.org/web/20230313204302/https://edition.cnn.com/us/crime-and-justice
20230315213502,http://web.archive.org/web/20230315213502/https://edition.cnn.com/us/crime-and-justice
20230316222052,http://web.archive.org/web/20230316222052/https://edition.cnn.com/us/crime-and-justice
20230317223407,http://web.archive.org/web/20230317223407/https://edition.cnn.com/us/crime-and-justice
20230318230829,http://web.archive.org/web/20230318230829/https://edition.cnn.com/us/crime-and-justice
20230319233517,http://web.archive.org/web/20230319233517/https://edition.cnn.com/us/crime-and-justice
20230321010003,http://web.archive.org/web/20230321010003/https://edition.cnn.com/us/crime-and-justice
20230322034915,http://web.archive.org/web/20230322034915/https://edition.cnn.com/us/crime-and-justice
20230323031454,http://web.archive.org/web/20230323031454/https://edition.cnn.com/us/crime-and-justice
20230324162442,http://web.archive.org/web/20230324162442/https://edition.cnn.com/us/crime-and-justice
20230324162504,http://web.archive.org/web/20230324162504/https://edition.cnn.com/us/crime-and-justice
20230326185005,http://web.archive.org/web/20230326185005/https://edition.cnn.com/us/crime-and-justice
20230328093939,http://web.archive.org/web/20230328093939/https://edition.cnn.com/us/crime-and-justice
20230329214921,http://web.archive.org/web/20230329214921/https://edition.cnn.com/us/crime-and-justice
20230330230956,http://web.archive.org/web/20230330230956/https://edition.cnn.com/us/crime-and-justice
20230331212524,http://web.archive.org/web/20230331212524/https://edition.cnn.com/us/crime-and-justice
20230402004515,http://web.archive.org/web/20230402004515/https://edition.cnn.com/us/crime-and-justice
20230402214008,http://web.archive.org/web/20230402214008/https://edition.cnn.com/us/crime-and-justice
20230403224955,http://web.archive.org/web/20230403224955/https://edition.cnn.com/us/crime-and-justice
20230404233145,http://web.archive.org/web/20230404233145/https://edition.cnn.com/us/crime-and-justice
20230405235930,http://web.archive.org/web/20230405235930/https://edition.cnn.com/us/crime-and-justice
20230406234415,http://web.archive.org/web/20230406234415/http://edition.cnn.com/us/crime-and-justice
20230407225840,http://web.archive.org/web/20230407225840/http://edition.cnn.com/us/crime-and-justice
20230409020416,http://web.archive.org/web/20230409020416/https://edition.cnn.com/us/crime-and-justice
20230409231513,http://web.archive.org/web/20230409231513/http://edition.cnn.com/us/crime-and-justice
20230411024719,http://web.archive.org/web/20230411024719/https://edition.cnn.com/us/crime-and-justice
20230412031622,http://web.archive.org/web/20230412031622/https://edition.cnn.com/us/crime-and-justice
20230413043429,http://web.archive.org/web/20230413043429/https://edition.cnn.com/us/crime-and-justice
20230413054955,http://web.archive.org/web/20230413054955/https://edition.cnn.com/us/crime-and-justice
20230415012524,http://web.archive.org/web/20230415012524/https://edition.cnn.com/us/crime-and-justice
20230416011931,http://web.archive.org/web/20230416011931/https://edition.cnn.com/us/crime-and-justice
20230416083357,http://web.archive.org/web/20230416083357/https://edition.cnn.com/us/crime-and-justice
20230416202841,http://web.archive.org/web/20230416202841/https://edition.cnn.com/us/crime-and-justice
20230419024958,http://web.archive.org/web/20230419024958/https://edition.cnn.com/us/crime-and-justice
20230419205717,http://web.archive.org/web/20230419205717/https://edition.cnn.com/us/crime-and-justice
20230421013303,http://web.archive.org/web/20230421013303/https://edition.cnn.com/us/crime-and-justice
20230421121834,http://web.archive.org/web/20230421121834/https://edition.cnn.com/us/crime-and-justice
20230422181419,http://web.archive.org/web/20230422181419/https://edition.cnn.com/us/crime-and-justice
20230423201006,http://web.archive.org/web/20230423201006/https://edition.cnn.com/us/crime-and-justice
20230425070103,http://web.archive.org/web/20230425070103/https://edition.cnn.com/us/crime-and-justice
20230426003735,http://web.archive.org/web/20230426003735/https://edition.cnn.com/us/crime-and-justice
20230427230050,http://web.archive.org/web/20230427230050/https://edition.cnn.com/us/crime-and-justice
20230429002251,http://web.archive.org/web/20230429002251/https://edition.cnn.com/us/crime-and-justice
20230430021839,http://web.archive.org/web/20230430021839/https://edition.cnn.com/us/crime-and-justice
20230501030303,http://web.archive.org/web/20230501030303/https://edition.cnn.com/us/crime-and-justice
20230501143939,http://web.archive.org/web/20230501143939/https://edition.cnn.com/us/crime-and-justice
20230503041428,http://web.archive.org/web/20230503041428/https://edition.cnn.com/us/crime-and-justice
20230504051531,http://web.archive.org/web/20230504051531/https://edition.cnn.com/us/crime-and-justice
20230504174552,http://web.archive.org/web/20230504174552/https://edition.cnn.com/us/crime-and-justice
20230505230116,http://web.archive.org/web/20230505230116/https://edition.cnn.com/us/crime-and-justice
20230506192746,http://web.archive.org/web/20230506192746/https://edition.cnn.com/us/crime-and-justice
20230507215621,http://web.archive.org/web/20230507215621/https://edition.cnn.com/us/crime-and-justice
20230508223324,http://web.archive.org/web/20230508223324/https://edition.cnn.com/us/crime-and-justice
20230509183023,http://web.archive.org/web/20230509183023/https://edition.cnn.com/us/crime-and-justice
20230510191029,http://web.archive.org/web/20230510191029/https://edition.cnn.com/us/crime-and-justice
20230511205433,http://web.archive.org/web/20230511205433/https://edition.cnn.com/us/crime-and-justice
20230512212350,http://web.archive.org/web/20230512212350/https://edition.cnn.com/us/crime-and-justice
20230514215342,http://web.archive.org/web/20230514215342/https://edition.cnn.com/us/crime-and-justice
20230516002603,http://web.archive.org/web/20230516002603/https://edition.cnn.com/us/crime-and-justice
20230516230959,http://web.archive.org/web/20230516230959/https://edition.cnn.com/us/crime-and-justice
20230517191718,http://web.archive.org/web/20230517191718/https://edition.cnn.com/us/crime-and-justice
20230519011838,http://web.archive.org/web/20230519011838/https://edition.cnn.com/us/crime-and-justice
20230519021825,http://web.archive.org/web/20230519021825/https://edition.cnn.com/us/crime-and-justice
20230521023410,http://web.archive.org/web/20230521023410/https://edition.cnn.com/us/crime-and-justice
20230522025500,http://web.archive.org/web/20230522025500/https://edition.cnn.com/us/crime-and-justice
20230522211917,http://web.archive.org/web/20230522211917/https://edition.cnn.com/us/crime-and-justice
20230523222427,http://web.archive.org/web/20230523222427/https://edition.cnn.com/us/crime-and-justice
20230525020907,http://web.archive.org/web/20230525020907/https://edition.cnn.com/us/crime-and-justice
20230525204106,http://web.archive.org/web/20230525204106/https://edition.cnn.com/us/crime-and-justice
20230527020826,http://web.archive.org/web/20230527020826/https://edition.cnn.com/us/crime-and-justice
20230527185604,http://web.archive.org/web/20230527185604/https://edition.cnn.com/us/crime-and-justice
20230529002016,http://web.archive.org/web/20230529002016/https://edition.cnn.com/us/crime-and-justice
20230530012113,http://web.archive.org/web/20230530012113/https://edition.cnn.com/us/crime-and-justice
20230530110154,http://web.archive.org/web/20230530110154/https://edition.cnn.com/us/crime-and-justice
20230601040917,http://web.archive.org/web/20230601040917/https://edition.cnn.com/us/crime-and-justice
20230602045133,http://web.archive.org/web/20230602045133/https://edition.cnn.com/us/crime-and-justice
20230602095556,http://web.archive.org/web/20230602095556/https://edition.cnn.com/us/crime-and-justice
20230604061603,http://web.archive.org/web/20230604061603/https://edition.cnn.com/us/crime-and-justice
20230605013917,http://web.archive.org/web/20230605013917/https://edition.cnn.com/us/crime-and-justice
20230606022505,http://web.archive.org/web/20230606022505/https://edition.cnn.com/us/crime-and-justice
20230606175014,http://web.archive.org/web/20230606175014/https://edition.cnn.com/us/crime-and-justice
20230607210714,http://web.archive.org/web/20230607210714/https://edition.cnn.com/us/crime-and-justice
20230608205611,http://web.archive.org/web/20230608205611/https://edition.cnn.com/us/crime-and-justice
20230609145223,http://web.archive.org/web/20230609145223/https://edition.cnn.com/us/crime-and-justice
20230609234650,http://web.archive.org/web/20230609234650/https://edition.cnn.com/us/crime-and-justice
20230611235356,http://web.archive.org/web/20230611235356/https://edition.cnn.com/us/crime-and-justice
20230613012817,http://web.archive.org/web/20230613012817/https://edition.cnn.com/us/crime-and-justice
20230613225402,http://web.archive.org/web/20230613225402/https://edition.cnn.com/us/crime-and-justice
20230615000759,http://web.archive.org/web/20230615000759/https://edition.cnn.com/us/crime-and-justice
20230616013037,http://web.archive.org/web/20230616013037/https://edition.cnn.com/us/crime-and-justice
20230617021355,http://web.archive.org/web/20230617021355/https://edition.cnn.com/us/crime-and-justice
20230617083629,http://web.archive.org/web/20230617083629/https://edition.cnn.com/us/crime-and-justice
20230619034855,http://web.archive.org/web/20230619034855/https://edition.cnn.com/us/crime-and-justice
20230619135958,http://web.archive.org/web/20230619135958/https://edition.cnn.com/us/crime-and-justice
20230624192901,http://web.archive.org/web/20230624192901/https://edition.cnn.com/us/crime-and-justice
20230629064906,http://web.archive.org/web/20230629064906/https://edition.cnn.com/us/crime-and-justice
20230701090136,http://web.archive.org/web/20230701090136/https://edition.cnn.com/us/crime-and-justice
20230704150852,http://web.archive.org/web/20230704150852/https://edition.cnn.com/us/crime-and-justice
20230710102513,http://web.archive.org/web/20230710102513/https://edition.cnn.com/us/crime-and-justice
20230714073551,http://web.archive.org/web/20230714073551/https://edition.cnn.com/us/crime-and-justice
20230715082432,http://web.archive.org/web/20230715082432/https://edition.cnn.com/us/crime-and-justice
20230716094121,http://web.archive.org/web/20230716094121/https://edition.cnn.com/us/crime-and-justice
20230716144435,http://web.archive.org/web/20230716144435/https://edition.cnn.com/us/crime-and-justice
20230718111128,http://web.archive.org/web/20230718111128/https://edition.cnn.com/us/crime-and-justice
20230718131559,http://web.archive.org/web/20230718131559/https://edition.cnn.com/us/crime-and-justice
20230719152601,http://web.archive.org/web/20230719152601/https://edition.cnn.com/us/crime-and-justice
20230720105621,http://web.archive.org/web/20230720105621/https://edition.cnn.com/us/crime-and-justice
20230721163835,http://web.archive.org/web/20230721163835/https://edition.cnn.com/us/crime-and-justice
20230722200601,http://web.archive.org/web/20230722200601/https://edition.cnn.com/us/crime-and-justice
20230723220647,http://web.archive.org/web/20230723220647/https://edition.cnn.com/us/crime-and-justice
20230724212834,http://web.archive.org/web/20230724212834/https://edition.cnn.com/us/crime-and-justice
20230725152137,http://web.archive.org/web/20230725152137/https://edition.cnn.com/us/crime-and-justice
20230727023554,http://web.archive.org/web/20230727023554/https://edition.cnn.com/us/crime-and-justice
20230728010918,http://web.archive.org/web/20230728010918/https://edition.cnn.com/us/crime-and-justice
20230728221330,http://web.archive.org/web/20230728221330/https://edition.cnn.com/us/crime-and-justice
20230730003518,http://web.archive.org/web/20230730003518/https://edition.cnn.com/us/crime-and-justice
20230731013139,http://web.archive.org/web/20230731013139/https://edition.cnn.com/us/crime-and-justice
20230801002207,http://web.archive.org/web/20230801002207/https://edition.cnn.com/us/crime-and-justice
20230802004203,http://web.archive.org/web/20230802004203/https://edition.cnn.com/us/crime-and-justice
20230803000212,http://web.archive.org/web/20230803000212/https://edition.cnn.com/us/crime-and-justice
20230803093808,http://web.archive.org/web/20230803093808/https://edition.cnn.com/us/crime-and-justice
20230805001501,http://web.archive.org/web/20230805001501/https://edition.cnn.com/us/crime-and-justice
20230806014707,http://web.archive.org/web/20230806014707/https://edition.cnn.com/us/crime-and-justice
20230807025031,http://web.archive.org/web/20230807025031/https://edition.cnn.com/us/crime-and-justice
20230808232045,http://web.archive.org/web/20230808232045/https://edition.cnn.com/us/crime-and-justice
20230809113038,http://web.archive.org/web/20230809113038/https://edition.cnn.com/us/crime-and-justice
20230810224103,http://web.archive.org/web/20230810224103/https://edition.cnn.com/us/crime-and-justice
20230811234542,http://web.archive.org/web/20230811234542/https://edition.cnn.com/us/crime-and-justice
20230812235512,http://web.archive.org/web/20230812235512/https://edition.cnn.com/us/crime-and-justice
20230814010521,http://web.archive.org/web/20230814010521/https://edition.cnn.com/us/crime-and-justice
20230815022232,http://web.archive.org/web/20230815022232/https://edition.cnn.com/us/crime-and-justice
20230815193255,http://web.archive.org/web/20230815193255/https://edition.cnn.com/us/crime-and-justice
20230816220025,http://web.archive.org/web/20230816220025/https://edition.cnn.com/us/crime-and-justice
20230817204739,http://web.archive.org/web/20230817204739/https://edition.cnn.com/us/crime-and-justice
20230818163511,http://web.archive.org/web/20230818163511/https://edition.cnn.com/us/crime-and-justice
20230819231634,http://web.archive.org/web/20230819231634/https://edition.cnn.com/us/crime-and-justice
20230820074826,http://web.archive.org/web/20230820074826/https://edition.cnn.com/us/crime-and-justice
20230822015108,http://web.archive.org/web/20230822015108/https://edition.cnn.com/us/crime-and-justice
20230822195556,http://web.archive.org/web/20230822195556/https://edition.cnn.com/us/crime-and-justice
20230823222332,http://web.archive.org/web/20230823222332/https://edition.cnn.com/us/crime-and-justice
20230824225542,http://web.archive.org/web/20230824225542/https://edition.cnn.com/us/crime-and-justice
20230825070642,http://web.archive.org/web/20230825070642/https://edition.cnn.com/us/crime-and-justice
20230827002605,http://web.archive.org/web/20230827002605/https://edition.cnn.com/us/crime-and-justice
20230827085616,http://web.archive.org/web/20230827085616/https://edition.cnn.com/us/crime-and-justice
20230828223934,http://web.archive.org/web/20230828223934/https://edition.cnn.com/us/crime-and-justice
20230830002252,http://web.archive.org/web/20230830002252/https://edition.cnn.com/us/crime-and-justice
20230831004355,http://web.archive.org/web/20230831004355/https://edition.cnn.com/us/crime-and-justice
20230831142804,http://web.archive.org/web/20230831142804/https://edition.cnn.com/us/crime-and-justice
20230902031333,http://web.archive.org/web/20230902031333/https://edition.cnn.com/us/crime-and-justice
20230902190902,http://web.archive.org/web/20230902190902/https://edition.cnn.com/us/crime-and-justice
20230903044757,http://web.archive.org/web/20230903044757/https://edition.cnn.com/us/crime-and-justice
20230905053504,http://web.archive.org/web/20230905053504/https://edition.cnn.com/us/crime-and-justice
20230905082253,http://web.archive.org/web/20230905082253/https://edition.cnn.com/us/crime-and-justice
20230907050641,http://web.archive.org/web/20230907050641/https://edition.cnn.com/us/crime-and-justice
20230908054227,http://web.archive.org/web/20230908054227/https://edition.cnn.com/us/crime-and-justice
20230909061638,http://web.archive.org/web/20230909061638/https://edition.cnn.com/us/crime-and-justice
20230910074339,http://web.archive.org/web/20230910074339/https://edition.cnn.com/us/crime-and-justice
20230911045359,http://web.archive.org/web/20230911045359/https://edition.cnn.com/us/crime-and-justice
20230912060924,http://web.archive.org/web/20230912060924/https://edition.cnn.com/us/crime-and-justice
20230913201736,http://web.archive.org/web/20230913201736/https://edition.cnn.com/us/crime-and-justice
20230914225346,http://web.archive.org/web/20230914225346/https://edition.cnn.com/us/crime-and-justice
20230916000359,http://web.archive.org/web/20230916000359/https://edition.cnn.com/us/crime-and-justice
20230917023604,http://web.archive.org/web/20230917023604/https://edition.cnn.com/us/crime-and-justice
20230918034503,http://web.archive.org/web/20230918034503/https://edition.cnn.com/us/crime-and-justice
20230919045034,http://web.archive.org/web/20230919045034/https://edition.cnn.com/us/crime-and-justice
20230920053547,http://web.archive.org/web/20230920053547/https://edition.cnn.com/us/crime-and-justice
20230921061612,http://web.archive.org/web/20230921061612/https://edition.cnn.com/us/crime-and-justice
20230922052920,http://web.archive.org/web/20230922052920/https://edition.cnn.com/us/crime-and-justice
20230923063042,http://web.archive.org/web/20230923063042/https://edition.cnn.com/us/crime-and-justice
20230923174209,http://web.archive.org/web/20230923174209/https://edition.cnn.com/us/crime-and-justice
20230924184734,http://web.archive.org/web/20230924184734/https://edition.cnn.com/us/crime-and-justice
20230925191239,http://web.archive.org/web/20230925191239/https://edition.cnn.com/us/crime-and-justice
20230926194649,http://web.archive.org/web/20230926194649/https://edition.cnn.com/us/crime-and-justice
20230927211840,http://web.archive.org/web/20230927211840/https://edition.cnn.com/us/crime-and-justice
20230928231320,http://web.archive.org/web/20230928231320/https://edition.cnn.com/us/crime-and-justice
20230930004203,http://web.archive.org/web/20230930004203/https://edition.cnn.com/us/crime-and-justice
20231002024818,http://web.archive.org/web/20231002024818/https://edition.cnn.com/us/crime-and-justice
20231002200538,http://web.archive.org/web/20231002200538/https://edition.cnn.com/us/crime-and-justice
20231003222936,http://web.archive.org/web/20231003222936/https://edition.cnn.com/us/crime-and-justice
20231004233341,http://web.archive.org/web/20231004233341/https://edition.cnn.com/us/crime-and-justice
20231005054954,http://web.archive.org/web/20231005054954/https://edition.cnn.com/us/crime-and-justice
20231006071315,http://web.archive.org/web/20231006071315/https://edition.cnn.com/us/crime-and-justice
20231008010144,http://web.archive.org/web/20231008010144/https://edition.cnn.com/us/crime-and-justice
20231009012257,http://web.archive.org/web/20231009012257/https://edition.cnn.com/us/crime-and-justice
20231009220627,http://web.archive.org/web/20231009220627/https://edition.cnn.com/us/crime-and-justice
20231010223717,http://web.archive.org/web/20231010223717/https://edition.cnn.com/us/crime-and-justice
20231012011614,http://web.archive.org/web/20231012011614/https://edition.cnn.com/us/crime-and-justice
20231012122617,http://web.archive.org/web/20231012122617/https://edition.cnn.com/us/crime-and-justice
20231013225821,http://web.archive.org/web/20231013225821/https://edition.cnn.com/us/crime-and-justice
20231015020612,http://web.archive.org/web/20231015020612/https://edition.cnn.com/us/crime-and-justice
20231015093746,http://web.archive.org/web/20231015093746/https://edition.cnn.com/us/crime-and-justice
20231016021430,http://web.archive.org/web/20231016021430/https://edition.cnn.com/us/crime-and-justice
20231017134838,http://web.archive.org/web/20231017134838/https://edition.cnn.com/us/crime-and-justice
20231019021040,http://web.archive.org/web/20231019021040/https://edition.cnn.com/us/crime-and-justice
20231019235002,http://web.archive.org/web/20231019235002/https://edition.cnn.com/us/crime-and-justice
20231020162915,http://web.archive.org/web/20231020162915/https://edition.cnn.com/us/crime-and-justice
20231022002314,http://web.archive.org/web/20231022002314/https://edition.cnn.com/us/crime-and-justice
20231023021440,http://web.archive.org/web/20231023021440/https://edition.cnn.com/us/crime-and-justice
20231023052612,http://web.archive.org/web/20231023052612/https://edition.cnn.com/us/crime-and-justice
20231024225107,http://web.archive.org/web/20231024225107/https://edition.cnn.com/us/crime-and-justice
20231025194942,http://web.archive.org/web/20231025194942/https://edition.cnn.com/us/crime-and-justice
20231026205849,http://web.archive.org/web/20231026205849/https://edition.cnn.com/us/crime-and-justice
20231027223916,http://web.archive.org/web/20231027223916/https://edition.cnn.com/us/crime-and-justice
20231029002123,http://web.archive.org/web/20231029002123/https://edition.cnn.com/us/crime-and-justice
20231029232614,http://web.archive.org/web/20231029232614/https://edition.cnn.com/us/crime-and-justice
20231030104240,http://web.archive.org/web/20231030104240/https://edition.cnn.com/us/crime-and-justice
20231031234343,http://web.archive.org/web/20231031234343/https://edition.cnn.com/us/crime-and-justice
20231101150110,http://web.archive.org/web/20231101150110/https://edition.cnn.com/us/crime-and-justice
20231101235205,http://web.archive.org/web/20231101235205/https://edition.cnn.com/us/crime-and-justice
20231104010917,http://web.archive.org/web/20231104010917/https://edition.cnn.com/us/crime-and-justice
20231105031416,http://web.archive.org/web/20231105031416/https://edition.cnn.com/us/crime-and-justice
20231105135008,http://web.archive.org/web/20231105135008/https://edition.cnn.com/us/crime-and-justice
20231106145545,http://web.archive.org/web/20231106145545/https://edition.cnn.com/us/crime-and-justice
20231107185437,http://web.archive.org/web/20231107185437/https://edition.cnn.com/us/crime-and-justice
20231109004246,http://web.archive.org/web/20231109004246/https://edition.cnn.com/us/crime-and-justice
20231109200354,http://web.archive.org/web/20231109200354/https://edition.cnn.com/us/crime-and-justice
20231110042425,http://web.archive.org/web/20231110042425/https://edition.cnn.com/us/crime-and-justice
20231111203007,http://web.archive.org/web/20231111203007/https://edition.cnn.com/us/crime-and-justice
20231112180621,http://web.archive.org/web/20231112180621/https://edition.cnn.com/us/crime-and-justice
20231113200030,http://web.archive.org/web/20231113200030/https://edition.cnn.com/us/crime-and-justice
20231114205547,http://web.archive.org/web/20231114205547/https://edition.cnn.com/us/crime-and-justice
20231115201317,http://web.archive.org/web/20231115201317/https://edition.cnn.com/us/crime-and-justice
20231116211239,http://web.archive.org/web/20231116211239/https://edition.cnn.com/us/crime-and-justice
20231118143937,http://web.archive.org/web/20231118143937/https://edition.cnn.com/us/crime-and-justice
20231120004121,http://web.archive.org/web/20231120004121/https://edition.cnn.com/us/crime-and-justice
20231121020011,http://web.archive.org/web/20231121020011/https://edition.cnn.com/us/crime-and-justice
20231121211031,http://web.archive.org/web/20231121211031/https://edition.cnn.com/us/crime-and-justice
20231122230424,http://web.archive.org/web/20231122230424/https://edition.cnn.com/us/crime-and-justice
20231123032108,http://web.archive.org/web/20231123032108/https://edition.cnn.com/us/crime-and-justice
20231125002657,http://web.archive.org/web/20231125002657/https://edition.cnn.com/us/crime-and-justice
20231126013716,http://web.archive.org/web/20231126013716/https://edition.cnn.com/us/crime-and-justice
20231126224834,http://web.archive.org/web/20231126224834/https://edition.cnn.com/us/crime-and-justice
20231128033722,http://web.archive.org/web/20231128033722/https://edition.cnn.com/us/crime-and-justice
20231129045211,http://web.archive.org/web/20231129045211/https://edition.cnn.com/us/crime-and-justice
20231129184840,http://web.archive.org/web/20231129184840/https://edition.cnn.com/us/crime-and-justice
20231130201038,http://web.archive.org/web/20231130201038/https://edition.cnn.com/us/crime-and-justice
20231201232506,http://web.archive.org/web/20231201232506/https://edition.cnn.com/us/crime-and-justice
20231202225935,http://web.archive.org/web/20231202225935/https://edition.cnn.com/us/crime-and-justice
20231203182747,http://web.archive.org/web/20231203182747/https://edition.cnn.com/us/crime-and-justice
20231205003914,http://web.archive.org/web/20231205003914/https://edition.cnn.com/us/crime-and-justice
20231205201719,http://web.archive.org/web/20231205201719/https://edition.cnn.com/us/crime-and-justice
20231207045517,http://web.archive.org/web/20231207045517/https://edition.cnn.com/us/crime-and-justice
20231208062221,http://web.archive.org/web/20231208062221/https://edition.cnn.com/us/crime-and-justice
20231209074554,http://web.archive.org/web/20231209074554/https://edition.cnn.com/us/crime-and-justice
20231209171537,http://web.archive.org/web/20231209171537/https://edition.cnn.com/us/crime-and-justice
20231210161146,http://web.archive.org/web/20231210161146/https://edition.cnn.com/us/crime-and-justice
20231211160015,http://web.archive.org/web/20231211160015/https://edition.cnn.com/us/crime-and-justice
20231212162210,http://web.archive.org/web/20231212162210/https://edition.cnn.com/us/crime-and-justice
20231214000404,http://web.archive.org/web/20231214000404/https://edition.cnn.com/us/crime-and-justice
20231215060022,http://web.archive.org/web/20231215060022/https://edition.cnn.com/us/crime-and-justice
20231215161304,http://web.archive.org/web/20231215161304/https://edition.cnn.com/us/crime-and-justice
20231216171730,http://web.archive.org/web/20231216171730/https://edition.cnn.com/us/crime-and-justice
20231217200803,http://web.archive.org/web/20231217200803/https://edition.cnn.com/us/crime-and-justice
20231218093117,http://web.archive.org/web/20231218093117/https://edition.cnn.com/us/crime-and-justice
20231219213526,http://web.archive.org/web/20231219213526/https://edition.cnn.com/us/crime-and-justice
20231220180515,http://web.archive.org/web/20231220180515/https://edition.cnn.com/us/crime-and-justice
20231222001558,http://web.archive.org/web/20231222001558/https://edition.cnn.com/us/crime-and-justice
20231223020329,http://web.archive.org/web/20231223020329/https://edition.cnn.com/us/crime-and-justice
20231223204651,http://web.archive.org/web/20231223204651/https://edition.cnn.com/us/crime-and-justice
20231224212057,http://web.archive.org/web/20231224212057/https://edition.cnn.com/us/crime-and-justice
20231225075351,http://web.archive.org/web/20231225075351/https://edition.cnn.com/us/crime-and-justice
20231226232208,http://web.archive.org/web/20231226232208/https://edition.cnn.com/us/crime-and-justice
20231227233405,http://web.archive.org/web/20231227233405/https://edition.cnn.com/us/crime-and-justice
20231229001226,http://web.archive.org/web/20231229001226/https://edition.cnn.com/us/crime-and-justice
20231229225055,http://web.archive.org/web/20231229225055/https://edition.cnn.com/us/crime-and-justice
20231230112648,http://web.archive.org/web/20231230112648/https://edition.cnn.com/us/crime-and-justice
20240101012710,http://web.archive.org/web/20240101012710/https://edition.cnn.com/us/crime-and-justice
20240102031226,http://web.archive.org/web/20240102031226/https://edition.cnn.com/us/crime-and-justice
20240103013836,http://web.archive.org/web/20240103013836/https://edition.cnn.com/us/crime-and-justice
20240103220707,http://web.archive.org/web/20240103220707/https://edition.cnn.com/us/crime-and-justice
20240104232413,http://web.archive.org/web/20240104232413/https://edition.cnn.com/us/crime-and-justice
20240105024006,http://web.archive.org/web/20240105024006/https://edition.cnn.com/us/crime-and-justice
20240107005836,http://web.archive.org/web/20240107005836/https://edition.cnn.com/us/crime-and-justice
20240108000354,http://web.archive.org/web/20240108000354/https://edition.cnn.com/us/crime-and-justice
20240109005549,http://web.archive.org/web/20240109005549/https://edition.cnn.com/us/crime-and-justice
20240110024711,http://web.archive.org/web/20240110024711/https://edition.cnn.com/us/crime-and-justice
20240110204521,http://web.archive.org/web/20240110204521/https://edition.cnn.com/us/crime-and-justice
20240111202808,http://web.archive.org/web/20240111202808/https://edition.cnn.com/us/crime-and-justice
20240112192350,http://web.archive.org/web/20240112192350/https://edition.cnn.com/us/crime-and-justice
20240114000343,http://web.archive.org/web/20240114000343/https://edition.cnn.com/us/crime-and-justice
20240115012856,http://web.archive.org/web/20240115012856/https://edition.cnn.com/us/crime-and-justice
20240115124231,http://web.archive.org/web/20240115124231/https://edition.cnn.com/us/crime-and-justice
20240117062350,http://web.archive.org/web/20240117062350/https://edition.cnn.com/us/crime-and-justice
20240119054745,http://web.archive.org/web/20240119054745/https://edition.cnn.com/us/crime-and-justice
20240120045013,http://web.archive.org/web/20240120045013/https://edition.cnn.com/us/crime-and-justice
20240121225410,http://web.archive.org/web/20240121225410/https://edition.cnn.com/us/crime-and-justice
20240123010621,http://web.archive.org/web/20240123010621/https://edition.cnn.com/us/crime-and-justice
20240123130445,http://web.archive.org/web/20240123130445/https://edition.cnn.com/us/crime-and-justice
20240124174840,http://web.archive.org/web/20240124174840/https://edition.cnn.com/us/crime-and-justice
20240126032615,http://web.archive.org/web/20240126032615/https://edition.cnn.com/us/crime-and-justice
20240126200122,http://web.archive.org/web/20240126200122/https://edition.cnn.com/us/crime-and-justice
20240127132003,http://web.archive.org/web/20240127132003/https://edition.cnn.com/us/crime-and-justice
20240128223158,http://web.archive.org/web/20240128223158/https://edition.cnn.com/us/crime-and-justice
20240129224955,http://web.archive.org/web/20240129224955/https://edition.cnn.com/us/crime-and-justice
20240130230805,http://web.archive.org/web/20240130230805/https://edition.cnn.com/us/crime-and-justice
20240131235844,http://web.archive.org/web/20240131235844/https://edition.cnn.com/us/crime-and-justice
20240202011217,http://web.archive.org/web/20240202011217/https://edition.cnn.com/us/crime-and-justice
20240203014441,http://web.archive.org/web/20240203014441/https://edition.cnn.com/us/crime-and-justice
20240204010142,http://web.archive.org/web/20240204010142/https://edition.cnn.com/us/crime-and-justice
20240205001055,http://web.archive.org/web/20240205001055/https://edition.cnn.com/us/crime-and-justice
20240205210357,http://web.archive.org/web/20240205210357/https://edition.cnn.com/us/crime-and-justice
20240206221230,http://web.archive.org/web/20240206221230/https://edition.cnn.com/us/crime-and-justice
20240207225623,http://web.archive.org/web/20240207225623/https://edition.cnn.com/us/crime-and-justice
20240208184721,http://web.archive.org/web/20240208184721/https://edition.cnn.com/us/crime-and-justice
20240210003237,http://web.archive.org/web/20240210003237/https://edition.cnn.com/us/crime-and-justice
20240210232338,http://web.archive.org/web/20240210232338/https://edition.cnn.com/us/crime-and-justice
20240212001348,http://web.archive.org/web/20240212001348/https://edition.cnn.com/us/crime-and-justice
20240213031450,http://web.archive.org/web/20240213031450/https://edition.cnn.com/us/crime-and-justice
20240213231620,http://web.archive.org/web/20240213231620/https://edition.cnn.com/us/crime-and-justice
20240214213726,http://web.archive.org/web/20240214213726/https://edition.cnn.com/us/crime-and-justice
20240215095943,http://web.archive.org/web/20240215095943/https://edition.cnn.com/us/crime-and-justice
20240217011758,http://web.archive.org/web/20240217011758/https://edition.cnn.com/us/crime-and-justice
20240217203104,http://web.archive.org/web/20240217203104/https://edition.cnn.com/us/crime-and-justice
20240218214748,http://web.archive.org/web/20240218214748/https://edition.cnn.com/us/crime-and-justice
20240219222215,http://web.archive.org/web/20240219222215/https://edition.cnn.com/us/crime-and-justice
20240220231139,http://web.archive.org/web/20240220231139/https://edition.cnn.com/us/crime-and-justice
20240222001711,http://web.archive.org/web/20240222001711/https://edition.cnn.com/us/crime-and-justice
20240223011224,http://web.archive.org/web/20240223011224/https://edition.cnn.com/us/crime-and-justice
20240224011721,http://web.archive.org/web/20240224011721/https://edition.cnn.com/us/crime-and-justice
20240225025550,http://web.archive.org/web/20240225025550/https://edition.cnn.com/us/crime-and-justice
20240226030615,http://web.archive.org/web/20240226030615/https://edition.cnn.com/us/crime-and-justice
20240226034203,http://web.archive.org/web/20240226034203/https://edition.cnn.com/us/crime-and-justice
20240228055406,http://web.archive.org/web/20240228055406/https://edition.cnn.com/us/crime-and-justice
20240228185807,http://web.archive.org/web/20240228185807/https://edition.cnn.com/us/crime-and-justice
20240229232632,http://web.archive.org/web/20240229232632/https://edition.cnn.com/us/crime-and-justice
20240306072740,http://web.archive.org/web/20240306072740/https://edition.cnn.com/us/crime-and-justice
20240309221115,http://web.archive.org/web/20240309221115/https://edition.cnn.com/us/crime-and-justice
20240312024036,http://web.archive.org/web/20240312024036/https://edition.cnn.com/us/crime-and-justice
20240313030007,http://web.archive.org/web/20240313030007/https://edition.cnn.com/us/crime-and-justice
20240314032652,http://web.archive.org/web/20240314032652/https://edition.cnn.com/us/crime-and-justice
20240315040309,http://web.archive.org/web/20240315040309/https://edition.cnn.com/us/crime-and-justice
20240315193700,http://web.archive.org/web/20240315193700/https://edition.cnn.com/us/crime-and-justice
20240316210145,http://web.archive.org/web/20240316210145/https://edition.cnn.com/us/crime-and-justice
20240317223312,http://web.archive.org/web/20240317223312/https://edition.cnn.com/us/crime-and-justice
20240318224008,http://web.archive.org/web/20240318224008/https://edition.cnn.com/us/crime-and-justice
20240319234918,http://web.archive.org/web/20240319234918/https://edition.cnn.com/us/crime-and-justice
20240320232502,http://web.archive.org/web/20240320232502/https://edition.cnn.com/us/crime-and-justice
20240322004852,http://web.archive.org/web/20240322004852/https://edition.cnn.com/us/crime-and-justice
20240323020544,http://web.archive.org/web/20240323020544/https://edition.cnn.com/us/crime-and-justice
20240324001632,http://web.archive.org/web/20240324001632/https://edition.cnn.com/us/crime-and-justice
20240325084700,http://web.archive.org/web/20240325084700/https://edition.cnn.com/us/crime-and-justice
20240325195635,http://web.archive.org/web/20240325195635/https://edition.cnn.com/us/crime-and-justice
20240327012226,http://web.archive.org/web/20240327012226/https://edition.cnn.com/us/crime-and-justice
20240328053451,http://web.archive.org/web/20240328053451/https://edition.cnn.com/us/crime-and-justice
