20230101070730,http://web.archive.org/web/20230101070730/https://www.dailymail.co.uk/ushome/index.html,no
20230102225149,http://web.archive.org/web/20230102225149/https://www.dailymail.co.uk/ushome/index.html,no
20230103174747,http://web.archive.org/web/20230103174747/https://www.dailymail.co.uk/ushome/index.html,no
20230104224943,http://web.archive.org/web/20230104224943/https://www.dailymail.co.uk/ushome/index.html,no
20230105234159,http://web.archive.org/web/20230105234159/https://www.dailymail.co.uk/ushome/index.html,no
20230106232307,http://web.archive.org/web/20230106232307/https://www.dailymail.co.uk/ushome/index.html,no
20230107232418,http://web.archive.org/web/20230107232418/https://www.dailymail.co.uk/ushome/index.html,no
20230108111528,http://web.archive.org/web/20230108111528/https://www.dailymail.co.uk/ushome/index.html,no
20230109233059,http://web.archive.org/web/20230109233059/https://www.dailymail.co.uk/ushome/index.html,no
20230110131558,http://web.archive.org/web/20230110131558/https://www.dailymail.co.uk/ushome/index.html,no
20230111231905,http://web.archive.org/web/20230111231905/https://www.dailymail.co.uk/ushome/index.html,no
20230112234455,http://web.archive.org/web/20230112234455/https://www.dailymail.co.uk/ushome/index.html,no
20230113015745,http://web.archive.org/web/20230113015745/https://www.dailymail.co.uk/ushome/index.html,no
20230114232413,http://web.archive.org/web/20230114232413/https://www.dailymail.co.uk/ushome/index.html,no
20230116000906,http://web.archive.org/web/20230116000906/https://www.dailymail.co.uk/ushome/index.html,no
20230116235916,http://web.archive.org/web/20230116235916/https://www.dailymail.co.uk/ushome/index.html,no
20230117234919,http://web.archive.org/web/20230117234919/https://www.dailymail.co.uk/ushome/index.html,no
20230118235951,http://web.archive.org/web/20230118235951/https://www.dailymail.co.uk/ushome/index.html,no
20230120021615,http://web.archive.org/web/20230120021615/https://www.dailymail.co.uk/ushome/index.html,no
20230120235654,http://web.archive.org/web/20230120235654/https://www.dailymail.co.uk/ushome/index.html,no
20230121230346,http://web.archive.org/web/20230121230346/https://www.dailymail.co.uk/ushome/index.html,no
20230122052307,http://web.archive.org/web/20230122052307/https://www.dailymail.co.uk/ushome/index.html,no
20230123232348,http://web.archive.org/web/20230123232348/https://www.dailymail.co.uk/ushome/index.html,no
20230124234455,http://web.archive.org/web/20230124234455/https://www.dailymail.co.uk/ushome/index.html,no
20230125220048,http://web.archive.org/web/20230125220048/https://www.dailymail.co.uk/ushome/index.html,no
20230126235955,http://web.archive.org/web/20230126235955/https://www.dailymail.co.uk/ushome/index.html,no
20230127235332,http://web.archive.org/web/20230127235332/https://www.dailymail.co.uk/ushome/index.html,no
20230128232608,http://web.archive.org/web/20230128232608/https://www.dailymail.co.uk/ushome/index.html,no
20230129230325,http://web.archive.org/web/20230129230325/https://www.dailymail.co.uk/ushome/index.html,no
20230131004403,http://web.archive.org/web/20230131004403/https://www.dailymail.co.uk/ushome/index.html,no
20230201234121,http://web.archive.org/web/20230201234121/https://www.dailymail.co.uk/ushome/index.html,no
20230203005259,http://web.archive.org/web/20230203005259/https://www.dailymail.co.uk/ushome/index.html,no
20230203225134,http://web.archive.org/web/20230203225134/https://www.dailymail.co.uk/ushome/index.html,no
20230204233401,http://web.archive.org/web/20230204233401/https://www.dailymail.co.uk/ushome/index.html,no
20230205233457,http://web.archive.org/web/20230205233457/https://www.dailymail.co.uk/ushome/index.html,no
20230206234925,http://web.archive.org/web/20230206234925/https://www.dailymail.co.uk/ushome/index.html,no
20230208012208,http://web.archive.org/web/20230208012208/https://www.dailymail.co.uk/ushome/index.html,no
20230208173009,http://web.archive.org/web/20230208173009/https://www.dailymail.co.uk/ushome/index.html,no
20230210001704,http://web.archive.org/web/20230210001704/https://www.dailymail.co.uk/ushome/index.html,no
20230211015127,http://web.archive.org/web/20230211015127/https://www.dailymail.co.uk/ushome/index.html,no
20230211041520,http://web.archive.org/web/20230211041520/https://www.dailymail.co.uk/ushome/index.html,no
20230212005225,http://web.archive.org/web/20230212005225/https://www.dailymail.co.uk/ushome/index.html,no
20230213232933,http://web.archive.org/web/20230213232933/https://www.dailymail.co.uk/ushome/index.html,no
20230214235620,http://web.archive.org/web/20230214235620/https://www.dailymail.co.uk/ushome/index.html,no
20230215115531,http://web.archive.org/web/20230215115531/https://www.dailymail.co.uk/ushome/index.html,no
20230217001513,http://web.archive.org/web/20230217001513/https://www.dailymail.co.uk/ushome/index.html,no
20230217233427,http://web.archive.org/web/20230217233427/https://www.dailymail.co.uk/ushome/index.html,no
20230218233506,http://web.archive.org/web/20230218233506/https://www.dailymail.co.uk/ushome/index.html,no
20230219231857,http://web.archive.org/web/20230219231857/https://www.dailymail.co.uk/ushome/index.html,no
20230220011906,http://web.archive.org/web/20230220011906/https://www.dailymail.co.uk/ushome/index.html,no
20230221231700,http://web.archive.org/web/20230221231700/https://www.dailymail.co.uk/ushome/index.html,no
20230223003540,http://web.archive.org/web/20230223003540/https://www.dailymail.co.uk/ushome/index.html,no
20230223021025,http://web.archive.org/web/20230223021025/https://www.dailymail.co.uk/ushome/index.html,no
20230225005928,http://web.archive.org/web/20230225005928/https://www.dailymail.co.uk/ushome/index.html,no
20230226000649,http://web.archive.org/web/20230226000649/https://www.dailymail.co.uk/ushome/index.html,no
20230226173508,http://web.archive.org/web/20230226173508/https://www.dailymail.co.uk/ushome/index.html,no
20230227225634,http://web.archive.org/web/20230227225634/https://www.dailymail.co.uk/ushome/index.html,no
20230228235303,http://web.archive.org/web/20230228235303/https://www.dailymail.co.uk/ushome/index.html,no
20230301141146,http://web.archive.org/web/20230301141146/https://www.dailymail.co.uk/ushome/index.html,no
20230302234205,http://web.archive.org/web/20230302234205/https://www.dailymail.co.uk/ushome/index.html,no
20230303192344,http://web.archive.org/web/20230303192344/https://www.dailymail.co.uk/ushome/index.html,no
20230304040026,http://web.archive.org/web/20230304040026/https://www.dailymail.co.uk/ushome/index.html,no
20230305232522,http://web.archive.org/web/20230305232522/https://www.dailymail.co.uk/ushome/index.html,no
20230306230543,http://web.archive.org/web/20230306230543/https://www.dailymail.co.uk/ushome/index.html,no
20230307225825,http://web.archive.org/web/20230307225825/https://www.dailymail.co.uk/ushome/index.html,no
20230309002851,http://web.archive.org/web/20230309002851/https://www.dailymail.co.uk/ushome/index.html,no
20230310000623,http://web.archive.org/web/20230310000623/https://www.dailymail.co.uk/ushome/index.html,no
20230310223507,http://web.archive.org/web/20230310223507/https://www.dailymail.co.uk/ushome/index.html,no
20230311231344,http://web.archive.org/web/20230311231344/https://www.dailymail.co.uk/ushome/index.html,no
20230312232222,http://web.archive.org/web/20230312232222/https://www.dailymail.co.uk/ushome/index.html,no
20230313223418,http://web.archive.org/web/20230313223418/https://www.dailymail.co.uk/ushome/index.html,no
20230314223800,http://web.archive.org/web/20230314223800/https://www.dailymail.co.uk/ushome/index.html,no
20230315234349,http://web.archive.org/web/20230315234349/https://www.dailymail.co.uk/ushome/index.html,no
20230316224056,http://web.archive.org/web/20230316224056/https://www.dailymail.co.uk/ushome/index.html,no
20230317190218,http://web.archive.org/web/20230317190218/https://www.dailymail.co.uk/ushome/index.html,no
20230318195643,http://web.archive.org/web/20230318195643/https://www.dailymail.co.uk/ushome/index.html,no
20230319233334,http://web.archive.org/web/20230319233334/https://www.dailymail.co.uk/ushome/index.html,no
20230320235913,http://web.archive.org/web/20230320235913/https://www.dailymail.co.uk/ushome/index.html,no
20230321224957,http://web.archive.org/web/20230321224957/https://www.dailymail.co.uk/ushome/index.html,no
20230322231110,http://web.archive.org/web/20230322231110/https://www.dailymail.co.uk/ushome/index.html,no
20230323233433,http://web.archive.org/web/20230323233433/https://www.dailymail.co.uk/ushome/index.html,no
20230324204751,http://web.archive.org/web/20230324204751/https://www.dailymail.co.uk/ushome/index.html,no
20230325235633,http://web.archive.org/web/20230325235633/https://www.dailymail.co.uk/ushome/index.html,no
20230326235953,http://web.archive.org/web/20230326235953/https://www.dailymail.co.uk/ushome/index.html,no
20230328004245,http://web.archive.org/web/20230328004245/https://www.dailymail.co.uk/ushome/index.html,no
20230328234748,http://web.archive.org/web/20230328234748/https://www.dailymail.co.uk/ushome/index.html,no
20230329233019,http://web.archive.org/web/20230329233019/https://www.dailymail.co.uk/ushome/index.html,no
20230331002335,http://web.archive.org/web/20230331002335/https://www.dailymail.co.uk/ushome/index.html,no
20230331232956,http://web.archive.org/web/20230331232956/https://www.dailymail.co.uk/ushome/index.html,no
20230401234241,http://web.archive.org/web/20230401234241/https://www.dailymail.co.uk/ushome/index.html,no
20230402104948,http://web.archive.org/web/20230402104948/https://www.dailymail.co.uk/ushome/index.html,no
20230404000841,http://web.archive.org/web/20230404000841/https://www.dailymail.co.uk/ushome/index.html,no
20230404234835,http://web.archive.org/web/20230404234835/https://www.dailymail.co.uk/ushome/index.html,no
20230405114232,http://web.archive.org/web/20230405114232/https://www.dailymail.co.uk/ushome/index.html,no
20230407002724,http://web.archive.org/web/20230407002724/https://www.dailymail.co.uk/ushome/index.html,no
20230408011728,http://web.archive.org/web/20230408011728/https://www.dailymail.co.uk/ushome/index.html,no
20230408150839,http://web.archive.org/web/20230408150839/https://www.dailymail.co.uk/ushome/index.html,no
20230409223618,http://web.archive.org/web/20230409223618/https://www.dailymail.co.uk/ushome/index.html,no
20230410233752,http://web.archive.org/web/20230410233752/https://www.dailymail.co.uk/ushome/index.html,no
20230411224757,http://web.archive.org/web/20230411224757/https://www.dailymail.co.uk/ushome/index.html,no
20230412231621,http://web.archive.org/web/20230412231621/https://www.dailymail.co.uk/ushome/index.html,no
20230413225200,http://web.archive.org/web/20230413225200/https://www.dailymail.co.uk/ushome/index.html,no
20230414225257,http://web.archive.org/web/20230414225257/https://www.dailymail.co.uk/ushome/index.html,no
20230415224813,http://web.archive.org/web/20230415224813/https://www.dailymail.co.uk/ushome/index.html,no
20230416044549,http://web.archive.org/web/20230416044549/https://www.dailymail.co.uk/ushome/index.html,no
20230417233910,http://web.archive.org/web/20230417233910/https://www.dailymail.co.uk/ushome/index.html,no
20230418225918,http://web.archive.org/web/20230418225918/https://www.dailymail.co.uk/ushome/index.html,no
20230419231328,http://web.archive.org/web/20230419231328/https://www.dailymail.co.uk/ushome/index.html,no
20230420230717,http://web.archive.org/web/20230420230717/https://www.dailymail.co.uk/ushome/index.html,no
20230421233610,http://web.archive.org/web/20230421233610/https://www.dailymail.co.uk/ushome/index.html,no
20230423000838,http://web.archive.org/web/20230423000838/https://www.dailymail.co.uk/ushome/index.html,no
20230424002203,http://web.archive.org/web/20230424002203/https://www.dailymail.co.uk/ushome/index.html,no
20230424231912,http://web.archive.org/web/20230424231912/https://www.dailymail.co.uk/ushome/index.html,no
20230425151224,http://web.archive.org/web/20230425151224/https://www.dailymail.co.uk/ushome/index.html,no
20230426225755,http://web.archive.org/web/20230426225755/https://www.dailymail.co.uk/ushome/index.html,no
20230427235023,http://web.archive.org/web/20230427235023/https://www.dailymail.co.uk/ushome/index.html,no
20230429003719,http://web.archive.org/web/20230429003719/https://www.dailymail.co.uk/ushome/index.html,no
20230429234815,http://web.archive.org/web/20230429234815/https://www.dailymail.co.uk/ushome/index.html,no
20230501000754,http://web.archive.org/web/20230501000754/https://www.dailymail.co.uk/ushome/index.html,no
20230502003520,http://web.archive.org/web/20230502003520/https://www.dailymail.co.uk/ushome/index.html,no
20230503001459,http://web.archive.org/web/20230503001459/https://www.dailymail.co.uk/ushome/index.html,no
20230503223457,http://web.archive.org/web/20230503223457/https://www.dailymail.co.uk/ushome/index.html,no
20230504234540,http://web.archive.org/web/20230504234540/https://www.dailymail.co.uk/ushome/index.html,no
20230505233005,http://web.archive.org/web/20230505233005/https://www.dailymail.co.uk/ushome/index.html,no
20230506234117,http://web.archive.org/web/20230506234117/https://www.dailymail.co.uk/ushome/index.html,no
20230507150944,http://web.archive.org/web/20230507150944/https://www.dailymail.co.uk/ushome/index.html,no
20230508090935,http://web.archive.org/web/20230508090935/https://www.dailymail.co.uk/ushome/index.html,no
20230510003413,http://web.archive.org/web/20230510003413/https://www.dailymail.co.uk/ushome/index.html,no
20230510215547,http://web.archive.org/web/20230510215547/https://www.dailymail.co.uk/ushome/index.html,no
20230512000703,http://web.archive.org/web/20230512000703/https://www.dailymail.co.uk/ushome/index.html,no
20230512220940,http://web.archive.org/web/20230512220940/https://www.dailymail.co.uk/ushome/index.html,no
20230514003130,http://web.archive.org/web/20230514003130/https://www.dailymail.co.uk/ushome/index.html,no
20230515012830,http://web.archive.org/web/20230515012830/https://www.dailymail.co.uk/ushome/index.html,no
20230515195006,http://web.archive.org/web/20230515195006/https://www.dailymail.co.uk/ushome/index.html,no
20230516224305,http://web.archive.org/web/20230516224305/https://www.dailymail.co.uk/ushome/index.html,no
20230517225258,http://web.archive.org/web/20230517225258/https://www.dailymail.co.uk/ushome/index.html,no
20230518233058,http://web.archive.org/web/20230518233058/https://www.dailymail.co.uk/ushome/index.html,no
20230520000250,http://web.archive.org/web/20230520000250/https://www.dailymail.co.uk/ushome/index.html,no
20230521011320,http://web.archive.org/web/20230521011320/https://www.dailymail.co.uk/ushome/index.html,no
20230522003800,http://web.archive.org/web/20230522003800/https://www.dailymail.co.uk/ushome/index.html,no
20230522224735,http://web.archive.org/web/20230522224735/https://www.dailymail.co.uk/ushome/index.html,no
20230524003753,http://web.archive.org/web/20230524003753/https://www.dailymail.co.uk/ushome/index.html,no
20230524232029,http://web.archive.org/web/20230524232029/https://www.dailymail.co.uk/ushome/index.html,no
20230525222029,http://web.archive.org/web/20230525222029/https://www.dailymail.co.uk/ushome/index.html,no
20230526013736,http://web.archive.org/web/20230526013736/https://www.dailymail.co.uk/ushome/index.html,no
20230527233350,http://web.archive.org/web/20230527233350/https://www.dailymail.co.uk/ushome/index.html,no
20230528164147,http://web.archive.org/web/20230528164147/https://www.dailymail.co.uk/ushome/index.html,no
20230529080058,http://web.archive.org/web/20230529080058/https://www.dailymail.co.uk/ushome/index.html,no
20230530190625,http://web.archive.org/web/20230530190625/https://www.dailymail.co.uk/ushome/index.html,no
20230601000821,http://web.archive.org/web/20230601000821/https://www.dailymail.co.uk/ushome/index.html,no
20230601201328,http://web.archive.org/web/20230601201328/https://www.dailymail.co.uk/ushome/index.html,no
20230603000619,http://web.archive.org/web/20230603000619/https://www.dailymail.co.uk/ushome/index.html,no
20230603022436,http://web.archive.org/web/20230603022436/https://www.dailymail.co.uk/ushome/index.html,no
20230604234434,http://web.archive.org/web/20230604234434/https://www.dailymail.co.uk/ushome/index.html,no
20230605235152,http://web.archive.org/web/20230605235152/https://www.dailymail.co.uk/ushome/index.html,no
20230606235631,http://web.archive.org/web/20230606235631/https://www.dailymail.co.uk/ushome/index.html,no
20230607234944,http://web.archive.org/web/20230607234944/https://www.dailymail.co.uk/ushome/index.html,no
20230609001255,http://web.archive.org/web/20230609001255/https://www.dailymail.co.uk/ushome/index.html,no
20230609235251,http://web.archive.org/web/20230609235251/https://www.dailymail.co.uk/ushome/index.html,no
20230610225004,http://web.archive.org/web/20230610225004/https://www.dailymail.co.uk/ushome/index.html,no
20230611233833,http://web.archive.org/web/20230611233833/https://www.dailymail.co.uk/ushome/index.html,no
20230612144107,http://web.archive.org/web/20230612144107/https://www.dailymail.co.uk/ushome/index.html,no
20230613150038,http://web.archive.org/web/20230613150038/https://www.dailymail.co.uk/ushome/index.html,no
20230614231213,http://web.archive.org/web/20230614231213/https://www.dailymail.co.uk/ushome/index.html,no
20230615234939,http://web.archive.org/web/20230615234939/https://www.dailymail.co.uk/ushome/index.html,no
20230616171525,http://web.archive.org/web/20230616171525/https://www.dailymail.co.uk/ushome/index.html,no
20230617222635,http://web.archive.org/web/20230617222635/https://www.dailymail.co.uk/ushome/index.html,no
20230619000221,http://web.archive.org/web/20230619000221/https://www.dailymail.co.uk/ushome/index.html,no
20230620002615,http://web.archive.org/web/20230620002615/https://www.dailymail.co.uk/ushome/index.html,no
20230620224838,http://web.archive.org/web/20230620224838/https://www.dailymail.co.uk/ushome/index.html,no
20230621113701,http://web.archive.org/web/20230621113701/https://www.dailymail.co.uk/ushome/index.html,no
20230622235655,http://web.archive.org/web/20230622235655/https://www.dailymail.co.uk/ushome/index.html,no
20230624021453,http://web.archive.org/web/20230624021453/https://www.dailymail.co.uk/ushome/index.html,no
20230625000658,http://web.archive.org/web/20230625000658/https://www.dailymail.co.uk/ushome/index.html,no
20230626000534,http://web.archive.org/web/20230626000534/https://www.dailymail.co.uk/ushome/index.html,no
20230626234628,http://web.archive.org/web/20230626234628/https://www.dailymail.co.uk/ushome/index.html,no
20230628000731,http://web.archive.org/web/20230628000731/https://www.dailymail.co.uk/ushome/index.html,no
20230629000858,http://web.archive.org/web/20230629000858/https://www.dailymail.co.uk/ushome/index.html,no
20230630000527,http://web.archive.org/web/20230630000527/https://www.dailymail.co.uk/ushome/index.html,no
20230701013340,http://web.archive.org/web/20230701013340/https://www.dailymail.co.uk/ushome/index.html,no
20230701225600,http://web.archive.org/web/20230701225600/https://www.dailymail.co.uk/ushome/index.html,no
20230702223706,http://web.archive.org/web/20230702223706/https://www.dailymail.co.uk/ushome/index.html,no
20230704002154,http://web.archive.org/web/20230704002154/https://www.dailymail.co.uk/ushome/index.html,no
20230704235029,http://web.archive.org/web/20230704235029/https://www.dailymail.co.uk/ushome/index.html,no
20230705232724,http://web.archive.org/web/20230705232724/https://www.dailymail.co.uk/ushome/index.html,no
20230706222210,http://web.archive.org/web/20230706222210/https://www.dailymail.co.uk/ushome/index.html,no
20230707214420,http://web.archive.org/web/20230707214420/https://www.dailymail.co.uk/ushome/index.html,no
20230709212218,http://web.archive.org/web/20230709212218/https://www.dailymail.co.uk/ushome/index.html,no
20230710231656,http://web.archive.org/web/20230710231656/https://www.dailymail.co.uk/ushome/index.html,no
20230712011057,http://web.archive.org/web/20230712011057/https://www.dailymail.co.uk/ushome/index.html,no
20230712232017,http://web.archive.org/web/20230712232017/https://www.dailymail.co.uk/ushome/index.html,no
20230714001133,http://web.archive.org/web/20230714001133/https://www.dailymail.co.uk/ushome/index.html,no
20230715230603,http://web.archive.org/web/20230715230603/https://www.dailymail.co.uk/ushome/index.html,no
20230716082357,http://web.archive.org/web/20230716082357/https://www.dailymail.co.uk/ushome/index.html,no
20230717220756,http://web.archive.org/web/20230717220756/https://www.dailymail.co.uk/ushome/index.html,no
20230718200003,http://web.archive.org/web/20230718200003/https://www.dailymail.co.uk/ushome/index.html,no
20230720001238,http://web.archive.org/web/20230720001238/https://www.dailymail.co.uk/ushome/index.html,no
20230721002046,http://web.archive.org/web/20230721002046/https://www.dailymail.co.uk/ushome/index.html,no
20230721225322,http://web.archive.org/web/20230721225322/https://www.dailymail.co.uk/ushome/index.html,no
20230722234704,http://web.archive.org/web/20230722234704/https://www.dailymail.co.uk/ushome/index.html,no
20230723124751,http://web.archive.org/web/20230723124751/https://www.dailymail.co.uk/ushome/index.html,no
20230724223716,http://web.archive.org/web/20230724223716/https://www.dailymail.co.uk/ushome/index.html,no
20230725072540,http://web.archive.org/web/20230725072540/https://www.dailymail.co.uk/ushome/index.html,no
20230727001046,http://web.archive.org/web/20230727001046/https://www.dailymail.co.uk/ushome/index.html,no
20230728004357,http://web.archive.org/web/20230728004357/https://www.dailymail.co.uk/ushome/index.html,no
20230728231712,http://web.archive.org/web/20230728231712/https://www.dailymail.co.uk/ushome/index.html,no
20230729153701,http://web.archive.org/web/20230729153701/https://www.dailymail.co.uk/ushome/index.html,no
20230730225301,http://web.archive.org/web/20230730225301/https://www.dailymail.co.uk/ushome/index.html,no
20230731001601,http://web.archive.org/web/20230731001601/https://www.dailymail.co.uk/ushome/index.html,no
20230801222559,http://web.archive.org/web/20230801222559/https://www.dailymail.co.uk/ushome/index.html,no
20230802145947,http://web.archive.org/web/20230802145947/https://www.dailymail.co.uk/ushome/index.html,no
20230804000446,http://web.archive.org/web/20230804000446/https://www.dailymail.co.uk/ushome/index.html,no
20230804223635,http://web.archive.org/web/20230804223635/https://www.dailymail.co.uk/ushome/index.html,no
20230805225930,http://web.archive.org/web/20230805225930/https://www.dailymail.co.uk/ushome/index.html,no
20230806235455,http://web.archive.org/web/20230806235455/https://www.dailymail.co.uk/ushome/index.html,no
20230808005525,http://web.archive.org/web/20230808005525/https://www.dailymail.co.uk/ushome/index.html,no
20230808235746,http://web.archive.org/web/20230808235746/https://www.dailymail.co.uk/ushome/index.html,no
20230809235215,http://web.archive.org/web/20230809235215/https://www.dailymail.co.uk/ushome/index.html,no
20230811003753,http://web.archive.org/web/20230811003753/https://www.dailymail.co.uk/ushome/index.html,no
20230811031044,http://web.archive.org/web/20230811031044/https://www.dailymail.co.uk/ushome/index.html,no
20230812213544,http://web.archive.org/web/20230812213544/https://www.dailymail.co.uk/ushome/index.html,no
20230813233042,http://web.archive.org/web/20230813233042/https://www.dailymail.co.uk/ushome/index.html,no
20230814221131,http://web.archive.org/web/20230814221131/https://www.dailymail.co.uk/ushome/index.html,no
20230816001537,http://web.archive.org/web/20230816001537/https://www.dailymail.co.uk/ushome/index.html,no
20230816233001,http://web.archive.org/web/20230816233001/https://www.dailymail.co.uk/ushome/index.html,no
20230818004955,http://web.archive.org/web/20230818004955/https://www.dailymail.co.uk/ushome/index.html,no
20230818225424,http://web.archive.org/web/20230818225424/https://www.dailymail.co.uk/ushome/index.html,no
20230819035743,http://web.archive.org/web/20230819035743/https://www.dailymail.co.uk/ushome/index.html,no
20230820225326,http://web.archive.org/web/20230820225326/https://www.dailymail.co.uk/ushome/index.html,no
20230822014614,http://web.archive.org/web/20230822014614/https://www.dailymail.co.uk/ushome/index.html,no
20230822231203,http://web.archive.org/web/20230822231203/https://www.dailymail.co.uk/ushome/index.html,no
20230824000050,http://web.archive.org/web/20230824000050/https://www.dailymail.co.uk/ushome/index.html,no
20230825002144,http://web.archive.org/web/20230825002144/https://www.dailymail.co.uk/ushome/index.html,no
20230825231817,http://web.archive.org/web/20230825231817/https://www.dailymail.co.uk/ushome/index.html,no
20230826065845,http://web.archive.org/web/20230826065845/https://www.dailymail.co.uk/ushome/index.html,no
20230828004312,http://web.archive.org/web/20230828004312/https://www.dailymail.co.uk/ushome/index.html,no
20230828231043,http://web.archive.org/web/20230828231043/https://www.dailymail.co.uk/ushome/index.html,no
20230830011450,http://web.archive.org/web/20230830011450/https://www.dailymail.co.uk/ushome/index.html,no
20230830220107,http://web.archive.org/web/20230830220107/https://www.dailymail.co.uk/ushome/index.html,no
20230831230826,http://web.archive.org/web/20230831230826/https://www.dailymail.co.uk/ushome/index.html,no
20230901233715,http://web.archive.org/web/20230901233715/https://www.dailymail.co.uk/ushome/index.html,no
20230902235045,http://web.archive.org/web/20230902235045/https://www.dailymail.co.uk/ushome/index.html,no
20230903211256,http://web.archive.org/web/20230903211256/https://www.dailymail.co.uk/ushome/index.html,no
20230904234058,http://web.archive.org/web/20230904234058/https://www.dailymail.co.uk/ushome/index.html,no
20230905235905,http://web.archive.org/web/20230905235905/https://www.dailymail.co.uk/ushome/index.html,no
20230907014937,http://web.archive.org/web/20230907014937/https://www.dailymail.co.uk/ushome/index.html,no
20230907222212,http://web.archive.org/web/20230907222212/https://www.dailymail.co.uk/ushome/index.html,no
20230908212516,http://web.archive.org/web/20230908212516/https://www.dailymail.co.uk/ushome/index.html,no
20230909215216,http://web.archive.org/web/20230909215216/https://www.dailymail.co.uk/ushome/index.html,no
20230911001606,http://web.archive.org/web/20230911001606/https://www.dailymail.co.uk/ushome/index.html,no
20230912002949,http://web.archive.org/web/20230912002949/https://www.dailymail.co.uk/ushome/index.html,no
20230913000327,http://web.archive.org/web/20230913000327/https://www.dailymail.co.uk/ushome/index.html,no
20230913225609,http://web.archive.org/web/20230913225609/https://www.dailymail.co.uk/ushome/index.html,no
20230915013015,http://web.archive.org/web/20230915013015/https://www.dailymail.co.uk/ushome/index.html,no
20230915234024,http://web.archive.org/web/20230915234024/https://www.dailymail.co.uk/ushome/index.html,no
20230916214638,http://web.archive.org/web/20230916214638/https://www.dailymail.co.uk/ushome/index.html,no
20230917091108,http://web.archive.org/web/20230917091108/https://www.dailymail.co.uk/ushome/index.html,no
20230919030935,http://web.archive.org/web/20230919030935/https://www.dailymail.co.uk/ushome/index.html,no
20230920020204,http://web.archive.org/web/20230920020204/https://www.dailymail.co.uk/ushome/index.html,no
20230921011457,http://web.archive.org/web/20230921011457/https://www.dailymail.co.uk/ushome/index.html,no
20230921222131,http://web.archive.org/web/20230921222131/https://www.dailymail.co.uk/ushome/index.html,no
20230922015812,http://web.archive.org/web/20230922015812/https://www.dailymail.co.uk/ushome/index.html,no
20230923231131,http://web.archive.org/web/20230923231131/https://www.dailymail.co.uk/ushome/index.html,no
20230924235231,http://web.archive.org/web/20230924235231/https://www.dailymail.co.uk/ushome/index.html,no
20230925223143,http://web.archive.org/web/20230925223143/https://www.dailymail.co.uk/ushome/index.html,no
20230926135154,http://web.archive.org/web/20230926135154/https://www.dailymail.co.uk/ushome/index.html,no
20230927211556,http://web.archive.org/web/20230927211556/https://www.dailymail.co.uk/ushome/index.html,no
20230928233713,http://web.archive.org/web/20230928233713/https://www.dailymail.co.uk/ushome/index.html,no
20230929233137,http://web.archive.org/web/20230929233137/https://www.dailymail.co.uk/ushome/index.html,no
20230930143255,http://web.archive.org/web/20230930143255/https://www.dailymail.co.uk/ushome/index.html,no
20231001232723,http://web.archive.org/web/20231001232723/https://www.dailymail.co.uk/ushome/index.html,no
20231002223618,http://web.archive.org/web/20231002223618/https://www.dailymail.co.uk/ushome/index.html,no
20231003211424,http://web.archive.org/web/20231003211424/https://www.dailymail.co.uk/ushome/index.html,no
20231004232221,http://web.archive.org/web/20231004232221/https://www.dailymail.co.uk/ushome/index.html,no
20231005231055,http://web.archive.org/web/20231005231055/https://www.dailymail.co.uk/ushome/index.html,no
20231006190401,http://web.archive.org/web/20231006190401/https://www.dailymail.co.uk/ushome/index.html,no
20231007014708,http://web.archive.org/web/20231007014708/https://www.dailymail.co.uk/ushome/index.html,no
20231009014928,http://web.archive.org/web/20231009014928/https://www.dailymail.co.uk/ushome/index.html,no
20231009230813,http://web.archive.org/web/20231009230813/https://www.dailymail.co.uk/ushome/index.html,no
20231010064720,http://web.archive.org/web/20231010064720/https://www.dailymail.co.uk/ushome/index.html,no
20231011063854,http://web.archive.org/web/20231011063854/https://www.dailymail.co.uk/ushome/index.html,no
20231012234244,http://web.archive.org/web/20231012234244/https://www.dailymail.co.uk/ushome/index.html,no
20231013235714,http://web.archive.org/web/20231013235714/https://www.dailymail.co.uk/ushome/index.html,no
20231015003054,http://web.archive.org/web/20231015003054/https://www.dailymail.co.uk/ushome/index.html,no
20231016010433,http://web.archive.org/web/20231016010433/https://www.dailymail.co.uk/ushome/index.html,no
20231016054147,http://web.archive.org/web/20231016054147/https://www.dailymail.co.uk/ushome/index.html,no
20231017230223,http://web.archive.org/web/20231017230223/https://www.dailymail.co.uk/ushome/index.html,no
20231018225409,http://web.archive.org/web/20231018225409/https://www.dailymail.co.uk/ushome/index.html,no
20231020003021,http://web.archive.org/web/20231020003021/https://www.dailymail.co.uk/ushome/index.html,no
20231020233159,http://web.archive.org/web/20231020233159/https://www.dailymail.co.uk/ushome/index.html,no
20231022000218,http://web.archive.org/web/20231022000218/https://www.dailymail.co.uk/ushome/index.html,no
20231023013007,http://web.archive.org/web/20231023013007/https://www.dailymail.co.uk/ushome/index.html,no
20231024010159,http://web.archive.org/web/20231024010159/https://www.dailymail.co.uk/ushome/index.html,no
20231025025513,http://web.archive.org/web/20231025025513/https://www.dailymail.co.uk/ushome/index.html,no
20231025094725,http://web.archive.org/web/20231025094725/https://www.dailymail.co.uk/ushome/index.html,no
20231027000445,http://web.archive.org/web/20231027000445/https://www.dailymail.co.uk/ushome/index.html,no
20231027222714,http://web.archive.org/web/20231027222714/https://www.dailymail.co.uk/ushome/index.html,no
20231029011914,http://web.archive.org/web/20231029011914/https://www.dailymail.co.uk/ushome/index.html,no
20231029212942,http://web.archive.org/web/20231029212942/https://www.dailymail.co.uk/ushome/index.html,no
20231030084142,http://web.archive.org/web/20231030084142/https://www.dailymail.co.uk/ushome/index.html,no
20231031235543,http://web.archive.org/web/20231031235543/https://www.dailymail.co.uk/ushome/index.html,no
20231101223150,http://web.archive.org/web/20231101223150/https://www.dailymail.co.uk/ushome/index.html,no
20231103034853,http://web.archive.org/web/20231103034853/https://www.dailymail.co.uk/ushome/index.html,no
20231105031828,http://web.archive.org/web/20231105031828/https://www.dailymail.co.uk/ushome/index.html,no
20231105230402,http://web.archive.org/web/20231105230402/https://www.dailymail.co.uk/ushome/index.html,no
20231107000417,http://web.archive.org/web/20231107000417/https://www.dailymail.co.uk/ushome/index.html,no
20231107223840,http://web.archive.org/web/20231107223840/https://www.dailymail.co.uk/ushome/index.html,no
20231109000018,http://web.archive.org/web/20231109000018/https://www.dailymail.co.uk/ushome/index.html,no
20231110005156,http://web.archive.org/web/20231110005156/https://www.dailymail.co.uk/ushome/index.html,no
20231110222226,http://web.archive.org/web/20231110222226/https://www.dailymail.co.uk/ushome/index.html,no
20231111232736,http://web.archive.org/web/20231111232736/https://www.dailymail.co.uk/ushome/index.html,no
20231112234505,http://web.archive.org/web/20231112234505/https://www.dailymail.co.uk/ushome/index.html,no
20231114000515,http://web.archive.org/web/20231114000515/https://www.dailymail.co.uk/ushome/index.html,no
20231114225548,http://web.archive.org/web/20231114225548/https://www.dailymail.co.uk/ushome/index.html,no
20231115235434,http://web.archive.org/web/20231115235434/https://www.dailymail.co.uk/ushome/index.html,no
20231117002830,http://web.archive.org/web/20231117002830/https://www.dailymail.co.uk/ushome/index.html,no
20231118010911,http://web.archive.org/web/20231118010911/https://www.dailymail.co.uk/ushome/index.html,no
20231119013816,http://web.archive.org/web/20231119013816/https://www.dailymail.co.uk/ushome/index.html,no
20231120022802,http://web.archive.org/web/20231120022802/https://www.dailymail.co.uk/ushome/index.html,no
20231120214341,http://web.archive.org/web/20231120214341/https://www.dailymail.co.uk/ushome/index.html,no
20231121203909,http://web.archive.org/web/20231121203909/https://www.dailymail.co.uk/ushome/index.html,no
20231122220758,http://web.archive.org/web/20231122220758/https://www.dailymail.co.uk/ushome/index.html,no
20231124003814,http://web.archive.org/web/20231124003814/https://www.dailymail.co.uk/ushome/index.html,no
20231124233758,http://web.archive.org/web/20231124233758/https://www.dailymail.co.uk/ushome/index.html,no
20231125213908,http://web.archive.org/web/20231125213908/https://www.dailymail.co.uk/ushome/index.html,no
20231127012616,http://web.archive.org/web/20231127012616/https://www.dailymail.co.uk/ushome/index.html,no
20231127161046,http://web.archive.org/web/20231127161046/https://www.dailymail.co.uk/ushome/index.html,no
20231128024212,http://web.archive.org/web/20231128024212/https://www.dailymail.co.uk/ushome/index.html,no
20231129232949,http://web.archive.org/web/20231129232949/https://www.dailymail.co.uk/ushome/index.html,no
20231130142100,http://web.archive.org/web/20231130142100/https://www.dailymail.co.uk/ushome/index.html,no
20231201232100,http://web.archive.org/web/20231201232100/https://www.dailymail.co.uk/ushome/index.html,no
20231203000211,http://web.archive.org/web/20231203000211/https://www.dailymail.co.uk/ushome/index.html,no
20231203233526,http://web.archive.org/web/20231203233526/https://www.dailymail.co.uk/ushome/index.html,no
20231204083605,http://web.archive.org/web/20231204083605/https://www.dailymail.co.uk/ushome/index.html,no
20231205225006,http://web.archive.org/web/20231205225006/https://www.dailymail.co.uk/ushome/index.html,no
20231207005832,http://web.archive.org/web/20231207005832/https://www.dailymail.co.uk/ushome/index.html,no
20231208000438,http://web.archive.org/web/20231208000438/https://www.dailymail.co.uk/ushome/index.html,no
20231208141719,http://web.archive.org/web/20231208141719/https://www.dailymail.co.uk/ushome/index.html,no
20231209231259,http://web.archive.org/web/20231209231259/https://www.dailymail.co.uk/ushome/index.html,no
20231211011312,http://web.archive.org/web/20231211011312/https://www.dailymail.co.uk/ushome/index.html,no
20231212012325,http://web.archive.org/web/20231212012325/https://www.dailymail.co.uk/ushome/index.html,no
20231212015751,http://web.archive.org/web/20231212015751/https://www.dailymail.co.uk/ushome/index.html,no
20231213080146,http://web.archive.org/web/20231213080146/https://www.dailymail.co.uk/ushome/index.html,no
20231215001021,http://web.archive.org/web/20231215001021/https://www.dailymail.co.uk/ushome/index.html,no
20231215102230,http://web.archive.org/web/20231215102230/https://www.dailymail.co.uk/ushome/index.html,no
20231216222524,http://web.archive.org/web/20231216222524/https://www.dailymail.co.uk/ushome/index.html,no
20231217225729,http://web.archive.org/web/20231217225729/https://www.dailymail.co.uk/ushome/index.html,no
20231218193024,http://web.archive.org/web/20231218193024/https://www.dailymail.co.uk/ushome/index.html,no
20231220005139,http://web.archive.org/web/20231220005139/https://www.dailymail.co.uk/ushome/index.html,no
20231220230934,http://web.archive.org/web/20231220230934/https://www.dailymail.co.uk/ushome/index.html,no
20231222011148,http://web.archive.org/web/20231222011148/https://www.dailymail.co.uk/ushome/index.html,no
20231223163707,http://web.archive.org/web/20231223163707/https://www.dailymail.co.uk/ushome/index.html,no
20231224215442,http://web.archive.org/web/20231224215442/https://www.dailymail.co.uk/ushome/index.html,no
20231225220053,http://web.archive.org/web/20231225220053/https://www.dailymail.co.uk/ushome/index.html,no
20231226071319,http://web.archive.org/web/20231226071319/https://www.dailymail.co.uk/ushome/index.html,no
20231227230318,http://web.archive.org/web/20231227230318/https://www.dailymail.co.uk/ushome/index.html,no
20231228223959,http://web.archive.org/web/20231228223959/https://www.dailymail.co.uk/ushome/index.html,no
20231229070635,http://web.archive.org/web/20231229070635/https://www.dailymail.co.uk/ushome/index.html,no
20231230235825,http://web.archive.org/web/20231230235825/https://www.dailymail.co.uk/ushome/index.html,no
20240101010519,http://web.archive.org/web/20240101010519/https://www.dailymail.co.uk/ushome/index.html,no
