20230101082607,http://web.archive.org/web/20230101082607/https://www.huffpost.com/news/us-news
20230103035558,http://web.archive.org/web/20230103035558/https://www.huffpost.com/news/us-news
20230103192241,http://web.archive.org/web/20230103192241/https://www.huffpost.com/news/us-news
20230104235616,http://web.archive.org/web/20230104235616/https://www.huffpost.com/news/us-news
20230106073140,http://web.archive.org/web/20230106073140/https://www.huffpost.com/news/us-news
20230107112100,http://web.archive.org/web/20230107112100/https://www.huffpost.com/news/us-news
20230108063423,http://web.archive.org/web/20230108063423/https://www.huffpost.com/news/us-news
20230109064746,http://web.archive.org/web/20230109064746/https://www.huffpost.com/news/us-news
20230110073300,http://web.archive.org/web/20230110073300/https://www.huffpost.com/news/us-news
20230110224520,http://web.archive.org/web/20230110224520/https://www.huffpost.com/news/us-news
