20230627050012,http://web.archive.org/web/20230627050012/https://apnews.com/us-news
20230627061732,http://web.archive.org/web/20230627061732/https://apnews.com/us-news
20230629034823,http://web.archive.org/web/20230629034823/https://apnews.com/us-news
20230701042834,http://web.archive.org/web/20230701042834/https://apnews.com/us-news
20230702082312,http://web.archive.org/web/20230702082312/https://apnews.com/us-news
20230702204242,http://web.archive.org/web/20230702204242/https://apnews.com/us-news
20230704120747,http://web.archive.org/web/20230704120747/https://apnews.com/us-news
20230705205148,http://web.archive.org/web/20230705205148/https://apnews.com/us-news
20230706173618,http://web.archive.org/web/20230706173618/https://apnews.com/us-news
20230707060427,http://web.archive.org/web/20230707060427/https://apnews.com/us-news
20230708042412,http://web.archive.org/web/20230708042412/https://apnews.com/us-news
20230709204302,http://web.archive.org/web/20230709204302/https://apnews.com/us-news
20230710203733,http://web.archive.org/web/20230710203733/https://apnews.com/us-news
20230712200114,http://web.archive.org/web/20230712200114/https://apnews.com/us-news
20230713225706,http://web.archive.org/web/20230713225706/https://apnews.com/us-news
20230714202640,http://web.archive.org/web/20230714202640/https://apnews.com/us-news
20230715122752,http://web.archive.org/web/20230715122752/https://apnews.com/us-news
20230718173418,http://web.archive.org/web/20230718173418/https://apnews.com/us-news
20230719122230,http://web.archive.org/web/20230719122230/https://apnews.com/us-news
20230720141743,http://web.archive.org/web/20230720141743/https://apnews.com/us-news
20230721234947,http://web.archive.org/web/20230721234947/https://apnews.com/us-news
20230722150649,http://web.archive.org/web/20230722150649/https://apnews.com/us-news
20230724113341,http://web.archive.org/web/20230724113341/https://apnews.com/us-news
20230724202117,http://web.archive.org/web/20230724202117/https://apnews.com/us-news
20230726011357,http://web.archive.org/web/20230726011357/https://apnews.com/us-news
20230728063234,http://web.archive.org/web/20230728063234/https://apnews.com/us-news
20230801025415,http://web.archive.org/web/20230801025415/https://apnews.com/us-news
20230801223437,http://web.archive.org/web/20230801223437/https://apnews.com/us-news
20230802050806,http://web.archive.org/web/20230802050806/https://apnews.com/us-news
20230803051106,http://web.archive.org/web/20230803051106/https://apnews.com/us-news
20230807222242,http://web.archive.org/web/20230807222242/https://apnews.com/us-news
20230810162727,http://web.archive.org/web/20230810162727/https://apnews.com/us-news
20230811114023,http://web.archive.org/web/20230811114023/https://apnews.com/us-news
20230814121330,http://web.archive.org/web/20230814121330/https://apnews.com/us-news
20230818082954,http://web.archive.org/web/20230818082954/https://apnews.com/us-news
20230819041030,http://web.archive.org/web/20230819041030/https://apnews.com/us-news
20230819213704,http://web.archive.org/web/20230819213704/https://apnews.com/us-news
20230821230248,http://web.archive.org/web/20230821230248/https://apnews.com/us-news
20230822151943,http://web.archive.org/web/20230822151943/https://apnews.com/us-news
20230823175420,http://web.archive.org/web/20230823175420/https://apnews.com/us-news
20230826193722,http://web.archive.org/web/20230826193722/https://apnews.com/us-news
20230827050848,http://web.archive.org/web/20230827050848/https://apnews.com/us-news
20230829052209,http://web.archive.org/web/20230829052209/https://apnews.com/us-news
20230830151556,http://web.archive.org/web/20230830151556/https://apnews.com/us-news
20230831211250,http://web.archive.org/web/20230831211250/https://apnews.com/us-news
20230901235245,http://web.archive.org/web/20230901235245/https://apnews.com/us-news
20230902210228,http://web.archive.org/web/20230902210228/https://apnews.com/us-news
20230908040426,http://web.archive.org/web/20230908040426/https://apnews.com/us-news
20230910165538,http://web.archive.org/web/20230910165538/https://apnews.com/us-news
20230911171339,http://web.archive.org/web/20230911171339/https://apnews.com/us-news
20230913190111,http://web.archive.org/web/20230913190111/https://apnews.com/us-news
20230914035614,http://web.archive.org/web/20230914035614/https://apnews.com/us-news
20230914224301,http://web.archive.org/web/20230914224301/https://apnews.com/us-news
20230917022243,http://web.archive.org/web/20230917022243/https://apnews.com/us-news
20230918010216,http://web.archive.org/web/20230918010216/https://apnews.com/us-news
20230919003452,http://web.archive.org/web/20230919003452/https://apnews.com/us-news
20230921141125,http://web.archive.org/web/20230921141125/https://apnews.com/us-news
20230922000557,http://web.archive.org/web/20230922000557/https://apnews.com/us-news
20230923191453,http://web.archive.org/web/20230923191453/https://apnews.com/us-news
20230924231452,http://web.archive.org/web/20230924231452/https://apnews.com/us-news
20230925224045,http://web.archive.org/web/20230925224045/https://apnews.com/us-news
20230926150516,http://web.archive.org/web/20230926150516/https://apnews.com/us-news
20230929161056,http://web.archive.org/web/20230929161056/https://apnews.com/us-news
20231002025959,http://web.archive.org/web/20231002025959/https://apnews.com/us-news
20231002171429,http://web.archive.org/web/20231002171429/https://apnews.com/us-news
20231003210322,http://web.archive.org/web/20231003210322/https://apnews.com/us-news
20231005175349,http://web.archive.org/web/20231005175349/https://apnews.com/us-news
20231007130400,http://web.archive.org/web/20231007130400/https://apnews.com/us-news
20231007210853,http://web.archive.org/web/20231007210853/https://apnews.com/us-news
20231008205615,http://web.archive.org/web/20231008205615/https://apnews.com/us-news
20231010005226,http://web.archive.org/web/20231010005226/https://apnews.com/us-news
20231010045546,http://web.archive.org/web/20231010045546/https://apnews.com/us-news
20231012064959,http://web.archive.org/web/20231012064959/https://apnews.com/us-news
20231012223311,http://web.archive.org/web/20231012223311/https://apnews.com/us-news
20231013085832,http://web.archive.org/web/20231013085832/https://apnews.com/us-news
20231016020009,http://web.archive.org/web/20231016020009/https://apnews.com/us-news
20231016133249,http://web.archive.org/web/20231016133249/https://apnews.com/us-news
20231018165917,http://web.archive.org/web/20231018165917/https://apnews.com/us-news
20231019054051,http://web.archive.org/web/20231019054051/https://apnews.com/us-news
20231021140116,http://web.archive.org/web/20231021140116/https://apnews.com/us-news
20231023025717,http://web.archive.org/web/20231023025717/https://apnews.com/us-news
20231024185041,http://web.archive.org/web/20231024185041/https://apnews.com/us-news
20231026182224,http://web.archive.org/web/20231026182224/https://apnews.com/us-news
20231029034220,http://web.archive.org/web/20231029034220/https://apnews.com/us-news
20231029181909,http://web.archive.org/web/20231029181909/https://apnews.com/us-news
20231101170359,http://web.archive.org/web/20231101170359/https://apnews.com/us-news
20231102134317,http://web.archive.org/web/20231102134317/https://apnews.com/us-news
20231103212136,http://web.archive.org/web/20231103212136/https://apnews.com/us-news
20231105045239,http://web.archive.org/web/20231105045239/https://apnews.com/us-news
20231106213943,http://web.archive.org/web/20231106213943/https://apnews.com/us-news
20231108125539,http://web.archive.org/web/20231108125539/https://apnews.com/us-news
20231109172616,http://web.archive.org/web/20231109172616/https://apnews.com/us-news
20231111154021,http://web.archive.org/web/20231111154021/https://apnews.com/us-news
20231115041519,http://web.archive.org/web/20231115041519/https://apnews.com/us-news
20231115191449,http://web.archive.org/web/20231115191449/https://apnews.com/us-news
20231116151146,http://web.archive.org/web/20231116151146/https://apnews.com/us-news
20231117194359,http://web.archive.org/web/20231117194359/https://apnews.com/us-news
20231118233755,http://web.archive.org/web/20231118233755/https://apnews.com/us-news
20231120114916,http://web.archive.org/web/20231120114916/https://apnews.com/us-news
20231122004610,http://web.archive.org/web/20231122004610/https://apnews.com/us-news
20231123042209,http://web.archive.org/web/20231123042209/https://apnews.com/us-news
20231123192722,http://web.archive.org/web/20231123192722/https://apnews.com/us-news
20231125022521,http://web.archive.org/web/20231125022521/https://apnews.com/us-news
20231125135054,http://web.archive.org/web/20231125135054/https://apnews.com/us-news
20231126230423,http://web.archive.org/web/20231126230423/https://apnews.com/us-news
20231128200028,http://web.archive.org/web/20231128200028/https://apnews.com/us-news
20231130033553,http://web.archive.org/web/20231130033553/https://apnews.com/us-news
20231201004548,http://web.archive.org/web/20231201004548/https://apnews.com/us-news
20231203053804,http://web.archive.org/web/20231203053804/https://apnews.com/us-news
20231203231040,http://web.archive.org/web/20231203231040/https://apnews.com/us-news
20231204195836,http://web.archive.org/web/20231204195836/https://apnews.com/us-news
20231205201957,http://web.archive.org/web/20231205201957/https://apnews.com/us-news
20231206211504,http://web.archive.org/web/20231206211504/https://apnews.com/us-news
20231207171114,http://web.archive.org/web/20231207171114/https://apnews.com/us-news
20231208205949,http://web.archive.org/web/20231208205949/https://apnews.com/us-news
20231209232342,http://web.archive.org/web/20231209232342/https://apnews.com/us-news
20231210000633,http://web.archive.org/web/20231210000633/https://apnews.com/us-news
20231212113800,http://web.archive.org/web/20231212113800/https://apnews.com/us-news
20231212222449,http://web.archive.org/web/20231212222449/https://apnews.com/us-news
20231213170740,http://web.archive.org/web/20231213170740/https://apnews.com/us-news
20231215074749,http://web.archive.org/web/20231215074749/http://apnews.com/us-news
20231215163152,http://web.archive.org/web/20231215163152/https://apnews.com/us-news
20231217162124,http://web.archive.org/web/20231217162124/https://apnews.com/us-news
20231218231230,http://web.archive.org/web/20231218231230/https://apnews.com/us-news
20231219174410,http://web.archive.org/web/20231219174410/https://apnews.com/us-news
20231220165259,http://web.archive.org/web/20231220165259/https://apnews.com/us-news
20231221201716,http://web.archive.org/web/20231221201716/https://apnews.com/us-news
20231223094110,http://web.archive.org/web/20231223094110/https://apnews.com/us-news
20231224013859,http://web.archive.org/web/20231224013859/https://apnews.com/us-news
20231225163525,http://web.archive.org/web/20231225163525/https://apnews.com/us-news
20231225225854,http://web.archive.org/web/20231225225854/https://apnews.com/us-news
20231226112719,http://web.archive.org/web/20231226112719/https://apnews.com/us-news
20231227205821,http://web.archive.org/web/20231227205821/https://apnews.com/us-news
20231228140019,http://web.archive.org/web/20231228140019/https://apnews.com/us-news
20231229220141,http://web.archive.org/web/20231229220141/https://apnews.com/us-news
20240101020010,http://web.archive.org/web/20240101020010/https://apnews.com/us-news
20230628015129,http://web.archive.org/web/20230628015129/https://apnews.com/us-news
20230703014320,http://web.archive.org/web/20230703014320/https://apnews.com/us-news
20230803051058,http://web.archive.org/web/20230803051058/https://apnews.com/us-news
20230808134424,http://web.archive.org/web/20230808134424/https://apnews.com/us-news
20230919161741,http://web.archive.org/web/20230919161741/https://apnews.com/us-news
20230925011144,http://web.archive.org/web/20230925011144/https://apnews.com/us-news
20230930164137,http://web.archive.org/web/20230930164137/https://apnews.com/us-news
20231027210846,http://web.archive.org/web/20231027210846/https://apnews.com/us-news
20231030202545,http://web.archive.org/web/20231030202545/https://apnews.com/us-news
20231102221359,http://web.archive.org/web/20231102221359/https://apnews.com/us-news
20231109065152,http://web.archive.org/web/20231109065152/https://apnews.com/us-news
20231109235635,http://web.archive.org/web/20231109235635/https://apnews.com/us-news
20231127220757,http://web.archive.org/web/20231127220757/https://apnews.com/us-news
20231207100910,http://web.archive.org/web/20231207100910/https://apnews.com/us-news
20231214065318,http://web.archive.org/web/20231214065318/https://apnews.com/us-news
20231217131242,http://web.archive.org/web/20231217131242/https://apnews.com/us-news
20231220100316,http://web.archive.org/web/20231220100316/https://apnews.com/us-news
