20230101222610,https://www.nytimes.com/,no
20230123223641,https://nytimes.com/section/us,no
20230101222610,https://www.nytimes.com/sitemap/,no
20230101222610,http://www.nytimes.com/section/us,no
20230101222610,https://help.nytimes.com/hc/en-us,no
20230101222610,https://www.nytimes.com/section/us,no
20230101222610,https://www.nytimes.com/spotlight/race,no
20230101222610,https://www.nytimes.com/section/todayspaper,no
20230101222610,https://www.nytimes.com/privacy/privacy-policy,no
20230101222610,https://www.nytimes.com/column/california-today,no
20230101222610,https://www.nytimes.com/subscription?campaignId=37WXW,no
20230221154441,https://www.nytimes.com/2023/02/21/briefing/opioids.html,no
20230213213400,https://www.nytimes.com/article/ohio-train-derailment.html,no
20230122010341,https://www.nytimes.com/2023/01/21/us/omaha-streetcars.html,no
20230214085505,https://www.nytimes.com/2023/02/13/us/campus-shootings.html,no
20230103175524,https://www.nytimes.com/2023/01/02/us/atlanta-gun-laws.html,no
20230102032848,https://www.nytimes.com/2023/01/01/us/california-storm.html,no
20230220195923,https://www.nytimes.com/2023/02/20/briefing/biden-2024.html,no
20230301083504,https://www.nytimes.com/2023/03/01/us/st-louis-man-shot.html,no
20230209202851,https://www.nytimes.com/2023/02/09/us/albert-okura-dead.html,no
20230216002517,https://www.nytimes.com/2023/02/15/us/fact-checking-irs.html,no
20230208000929,https://www.nytimes.com/2023/02/07/us/david-harris-dead.html,no
20230227232943,https://www.nytimes.com/2023/02/27/us/biden-child-labor.html,no
20230113230852,https://www.nytimes.com/2023/01/13/us/casey-hayden-dead.html,no
20230221154441,https://www.nytimes.com/2023/02/21/magazine/ian-fishback.html,no
20230123223641,https://www.nytimes.com/2023/01/22/us/lisa-marie-presley.html,no
20230214085505,https://www.nytimes.com/2023/02/13/us/united-maui-flight.html,no
20230103175524,https://www.nytimes.com/2023/01/03/sports/ken-block-dead.html,no
20230130005133,https://www.nytimes.com/2023/01/29/briefing/ticketmaster.html,no
20230118005812,https://www.nytimes.com/2023/01/17/us/california-weather.html,no
20230122230856,https://www.nytimes.com/2023/01/22/us/mass-shootings-list.html,no
20230113230852,https://www.nytimes.com/2023/01/13/us/robbie-knievel-dead.html,no
20230302235321,https://www.nytimes.com/2023/03/02/us/tyre-memphis-photos.html,no
20230116003950,https://www.nytimes.com/2023/01/15/us/alfred-goodwin-dead.html,no
20230111233404,https://www.nytimes.com/2023/01/10/us/california-new-laws.html,no
20230301002957,https://www.nytimes.com/2023/02/28/us/linda-kasabian-dead.html,no
20230130005133,https://www.nytimes.com/2023/01/29/us/politics/matt-gaetz.html,no
20230226213516,https://www.nytimes.com/2023/02/26/health/seniors-anxiety.html,no
20230212225258,https://www.nytimes.com/2023/02/12/us/celia-cruz-quarters.html,no
20230123223641,https://www.nytimes.com/2023/01/23/us/des-moines-shooting.html,no
20230204235618,https://www.nytimes.com/2023/02/04/business/bob-born-dead.html,no
20230123223641,https://www.nytimes.com/2023/01/23/us/alex-murdaugh-trial.html,no
20230213213400,https://www.nytimes.com/2023/02/13/nyregion/dogs-weed-nyc.html,no
20230122230856,https://www.nytimes.com/2023/01/22/briefing/peru-protests.html,no
20230305225407,https://www.nytimes.com/2023/03/05/us/put-in-bay-ohio-ice.html,no
20230203231123,https://www.nytimes.com/2023/02/03/us/spy-balloon-history.html,no
20230103175524,https://www.nytimes.com/2023/01/03/us/new-state-laws-2023.html,no
20230203231123,https://www.nytimes.com/2023/02/03/books/linda-pastan-dead.html,no
20230101222610,https://www.nytimes.com/2022/12/30/us/arizona-abortion-ban.html,no
20230202225423,https://www.nytimes.com/2023/02/02/us/tom-girardi-indicted.html,no
20230111233404,https://www.nytimes.com/2023/01/11/us/amtrak-delayed-va-fl.html,no
20230130235453,https://www.nytimes.com/2023/01/30/us/bbc-arabic-radio-end.html,no
20230211214821,https://www.nytimes.com/2023/02/11/briefing/valentines-day.html,no
20230209202851,https://www.nytimes.com/2023/02/09/us/college-news-stories.html,no
20230118232854,https://www.nytimes.com/2023/01/18/business/carl-hahn-dead.html,no
20230130005133,https://www.nytimes.com/2023/01/29/climate/gas-stove-health.html,no
20230216165854,https://www.nytimes.com/2023/02/16/us/witch-trials-ct-salem.html,no
20230211214821,https://www.nytimes.com/2023/02/11/health/suicide-rates-cdc.html,no
20230203231123,https://www.nytimes.com/2023/02/03/us/memphis-people-trauma.html,no
20230209202851,https://www.nytimes.com/2023/02/09/briefing/biden-junk-fees.html,no
20230108001533,https://www.nytimes.com/2023/01/07/science/honeybee-vaccine.html,no
20230124232900,https://www.nytimes.com/2023/01/24/us/politics/reid-machine.html,no
20230103175524,https://www.nytimes.com/2023/01/03/us/politics/nancy-pelosi.html,no
20230305225407,https://www.nytimes.com/2023/03/05/us/marines-china-pacific.html,no
20230305225407,https://www.nytimes.com/2023/03/05/us/ohio-train-derailment.html,no
20230127000810,https://www.nytimes.com/2023/01/26/us/tyre-nichols-timeline.html,no
20230112234816,https://www.nytimes.com/2023/01/12/us/william-consovoy-dead.html,no
20230216165854,https://www.nytimes.com/2023/02/16/us/abortion-bills-doctors.html,no
20230127000810,https://www.nytimes.com/2023/01/26/us/memphis-police-reforms.html,no
20230123223641,https://www.nytimes.com/2023/01/23/health/covid-boosters-fda.html,no
20230111233404,https://www.nytimes.com/2023/01/11/us/obamacare-aca-miami-fl.html,no
20230108001533,https://www.nytimes.com/2023/01/06/us/widen-highways-traffic.html,no
20230127235118,https://www.nytimes.com/2023/01/27/us/politics/tanks-ukraine.html,no
20230114234207,https://www.nytimes.com/2023/01/14/us/gas-stove-alternatives.html,no
20230210162423,https://www.nytimes.com/2023/02/10/us/california-trees-dying.html,no
20230103175524,https://www.nytimes.com/2023/01/03/us/how-house-speaker-vote.html,no
20230224214523,https://www.nytimes.com/2023/02/24/us/snow-california-photos.html,no
20230127000810,https://www.nytimes.com/2023/01/26/travel/rental-car-missing.html,no
20230305225407,https://www.nytimes.com/2023/03/05/briefing/personality-quiz.html,no
20230124232900,https://www.nytimes.com/2023/01/24/us/mass-shootings-january.html,no
20230202225423,https://www.nytimes.com/2023/02/02/us/memphis-police-shooting.html,no
20230109230229,https://www.nytimes.com/2023/01/09/us/california-la-nina-rain.html,no
20230118232854,https://www.nytimes.com/2023/01/18/health/hiv-vaccine-janssen.html,no
20230122230856,https://www.nytimes.com/2023/01/22/us/dallas-zoo-vulture-dead.html,no
20230216165854,https://www.nytimes.com/2023/02/15/us/michigan-state-shooting.html,no
20230216002517,https://www.nytimes.com/2023/02/14/us/dianne-feinstein-career.html,no
20230109230229,https://www.nytimes.com/2023/01/09/books/naomi-replansky-dead.html,no
20230101222610,https://help.nytimes.com/hc/en-us/articles/115015385887-Contact-Us,no
20230211214821,https://www.nytimes.com/2023/02/11/us/phoenix-super-bowl-host.html,no
20230110220501,https://www.nytimes.com/2023/01/10/us/california-storm-damage.html,no
20230302235321,https://www.nytimes.com/2023/03/02/sports/greta-andersen-dead.html,no
20230109230229,https://www.nytimes.com/2023/01/09/briefing/mccarthy-congress.html,no
20230101222610,https://www.nytimes.com/interactive/2022/us/fire-tracker-maps.html,no
20230204235618,https://www.nytimes.com/2023/02/04/us/memphis-police-scorpion.html,no
20230209202851,https://www.nytimes.com/2023/02/09/us/big-sur-coast-isolation.html,no
20230212225258,https://www.nytimes.com/2023/02/12/briefing/super-bowl-sunday.html,no
20230223231606,https://www.nytimes.com/2023/02/23/us/politics/tony-earl-dead.html,no
20230116223949,https://www.nytimes.com/2023/01/16/briefing/putin-wins-losses.html,no
20230221154441,https://www.nytimes.com/2023/02/21/us/vermont-law-art-slavery.html,no
20230130005133,https://www.nytimes.com/2023/01/29/health/elderly-housing-adu.html,no
20230110220501,https://www.nytimes.com/2023/01/10/nyregion/robert-moller-dead.html,no
20230118232854,https://www.nytimes.com/2023/01/18/arts/rust-charging-decision.html,no
20230118232854,https://www.nytimes.com/2023/01/18/us/polar-bear-attack-alaska.html,no
20230216002517,https://www.nytimes.com/2023/02/15/us/vacation-budget-spending.html,no
20230203231123,https://www.nytimes.com/2023/02/03/us/maine-population-housing.html,no
20230218233541,https://www.nytimes.com/2023/02/18/books/jerrold-schecter-dead.html,no
20230130005133,https://www.nytimes.com/2023/01/29/health/barbara-stanley-dead.html,no
20230305225407,https://www.nytimes.com/2023/03/05/us/tennessee-law-drag-shows.html,no
20230122010341,https://www.nytimes.com/2023/01/21/us/politics/biden-documents.html,no
20230124232900,https://www.nytimes.com/article/monterey-park-shooting-victims.html,no
20230127235118,https://www.nytimes.com/2023/01/27/us/politics/pelosi-911-call.html,no
20230205230121,https://www.nytimes.com/2023/02/05/us/alaska-skull-dna-testing.html,no
20230108001533,https://www.nytimes.com/2023/01/07/science/willard-gaylin-dead.html,no
20230218233541,https://www.nytimes.com/2023/02/18/briefing/party-down-returns.html,no
20230301002957,https://www.nytimes.com/2023/02/28/us/charles-pernasilice-dead.html,no
20230216002517,https://www.nytimes.com/2023/02/15/us/nyu-president-linda-mills.html,no
20230111233404,https://www.nytimes.com/2023/01/11/us/politics/liz-robbins-dead.html,no
20230116003950,https://www.nytimes.com/2023/01/15/us/missouri-dress-code-women.html,no
20230106104657,https://www.nytimes.com/2023/01/05/world/asia/kenneth-rowe-dead.html,no
20230226213516,https://www.nytimes.com/2023/02/26/us/dilbert-newspapers-racism.html,no
20230112234816,https://www.nytimes.com/2023/01/12/us/school-shootings-security.html,no
20230301002957,https://www.nytimes.com/2023/02/28/climate/esg-climate-backlash.html,no
20230204235618,https://www.nytimes.com/2023/02/04/us/big-sur-storms-california.html,no
20230101222610,http://web.archive.org/screenshot/https://www.nytimes.com/section/us,no
20230202225423,https://www.nytimes.com/2023/02/02/travel/farmers-market-winter.html,no
20230118005812,https://www.nytimes.com/2023/01/17/us/child-gun-live-tv-indiana.html,no
20230105215845,https://www.nytimes.com/2023/01/05/us/texas-private-border-wall.html,no
20230226213516,https://www.nytimes.com/2023/02/26/briefing/migrant-child-labor.html,no
20230223231606,https://www.nytimes.com/2023/02/23/books/linda-king-newell-dead.html,no
20230216165854,https://www.nytimes.com/2023/02/16/business/tesla-buffalo-union.html,no
20230306235926,https://www.nytimes.com/2023/03/05/us/atlanta-cop-city-protests.html,no
20230113230852,https://www.nytimes.com/2023/01/13/us/dallas-zoo-escaped-leopard.html,no
20230104235859,https://www.nytimes.com/2023/01/04/us/seattle-fraud-office-space.html,no
20230118232854,https://www.nytimes.com/2023/01/18/health/mary-kaye-richter-dead.html,no
20230216165854,https://www.nytimes.com/2023/02/16/briefing/microsoft-ai-chatbot.html,no
20230112234816,https://www.nytimes.com/2023/01/12/obituaries/norm-fruchter-dead.html,no
20230211214821,https://www.nytimes.com/2023/02/11/health/covid-pandemic-seniors.html,no
20230221154441,https://www.nytimes.com/2023/02/21/us/homelessness-us-california.html,no
20230111233404,https://www.nytimes.com/2023/01/11/us/california-redwoods-storms.html,no
20230101222610,https://help.nytimes.com/hc/en-us/articles/115014893968-Terms-of-sale,no
20230124232900,https://www.nytimes.com/2023/01/24/business/walmart-minimum-wage.html,no
20230130005133,https://www.nytimes.com/2023/01/29/us/russian-asylum-boat-alaska.html,no
20230124232900,https://www.nytimes.com/2023/01/24/us/usps-forever-stamps-prices.html,no
20230101222610,https://www.nytimes.com/2023/01/01/climate/cape-cod-algae-septic.html,no
20230101222610,https://help.nytimes.com/hc/en-us/articles/115015727108-Accessibility,no
20230130235453,https://www.nytimes.com/2023/01/30/us/tyre-nichols-arrest-videos.html,no
20230105215845,https://www.nytimes.com/2023/01/05/us/us-military-parental-leave.html,no
20230124232900,https://www.nytimes.com/2023/01/24/us/shooting-yakima-washington.html,no
20230124232900,https://www.nytimes.com/2023/01/24/us/newsom-california-gun-laws.html,no
20230128223951,https://www.nytimes.com/2023/01/27/us/tyre-nichols-video-memphis.html,no
20230101222610,https://www.nytimes.com/2023/01/01/science/puzzles-math-segerman.html,no
20230127235118,https://www.nytimes.com/article/tyre-nichols-memphis-police-dead.html,no
20230119225736,https://www.nytimes.com/2023/01/19/us/julian-sands-missing-hiker.html,no
20230119225736,https://www.nytimes.com/2023/01/19/arts/dance/arthur-duncan-dead.html,no
20230122010341,https://www.nytimes.com/2023/01/21/briefing/poker-face-streaming.html,no
20230211214821,https://www.nytimes.com/2023/02/11/us/nazy-nazhand-iran-protests.html,no
20230224214523,https://www.nytimes.com/2023/02/24/world/canada-train-derailment.html,no
20230108001533,https://www.nytimes.com/2023/01/07/health/fentanyl-xylazine-drug.html,no
20230127235118,https://www.nytimes.com/2023/01/26/us/alex-murdaugh-murder-trial.html,no
20230128223951,https://www.nytimes.com/2023/01/28/us/texas-earthquakes-fracking.html,no
20230208000929,https://www.nytimes.com/2023/02/07/us/biden-approval-rating-poll.html,no
20230214085505,https://www.nytimes.com/2023/02/13/us/santa-cruz-west-cliff-drive.html,no
20230225031439,https://www.nytimes.com/2023/02/24/us/amanda-gonzales-army-murder.html,no
20230103175524,https://www.nytimes.com/2023/01/03/us/house-speaker-mccarthy-vote.html,no
20230106104657,https://www.nytimes.com/2023/01/05/us/politics/house-speaker-1923.html,no
20230112234816,https://www.nytimes.com/2023/01/12/us/politics/santos-republicans.html,no
20230101222610,https://www.nytimes.com/privacy/cookie-policy#how-do-i-manage-trackers,no
20230306235926,https://www.nytimes.com/2023/03/06/us/politics/mexico-ban-us-corn.html,no
20230106104657,https://www.nytimes.com/2023/01/05/us/politics/biden-jan-6-medals.html,no
20230118232854,https://www.nytimes.com/2023/01/18/us/supreme-court-new-york-guns.html,no
20230111233404,https://www.nytimes.com/2023/01/11/us/politics/thomas-hughes-dead.html,no
20230114234207,https://www.nytimes.com/2023/01/14/us/california-storms-sinkholes.html,no
20230306235926,https://www.nytimes.com/2023/03/06/us/alex-murdaugh-brother-randy.html,no
20230218000337,https://www.nytimes.com/2023/02/17/us/memphis-police-tyre-nichols.html,no
20230202011207,https://www.nytimes.com/2023/02/01/us/politics/ukraine-f16-russia.html,no
20230108001533,https://www.nytimes.com/2023/01/07/briefing/new-years-resolutions.html,no
20230101222610,https://www.nytimes.com/ca/?action=click&region=Footer&pgtype=Homepage,no
20230110220501,https://www.nytimes.com/2023/01/10/us/california-mudslides-storms.html,no
20230204235618,https://www.nytimes.com/2023/02/04/us/san-francisco-synagogue-gun.html,no
20230105215845,https://www.nytimes.com/2023/01/05/us/politics/mccarthy-opponents.html,no
20230110220501,https://www.nytimes.com/2023/01/10/us/politics/trump-carroll-suit.html,no
20230216165854,https://www.nytimes.com/article/presidents-day-lincoln-washington.html,no
20230219234025,https://www.nytimes.com/2023/02/19/obituaries/thomas-donahue-dead.html,no
20230114234207,https://www.nytimes.com/2023/01/14/us/monterey-peninsula-flooding.html,no
20230122010341,https://www.nytimes.com/2023/01/21/us/supreme-court-investigation.html,no
20230304004441,https://www.nytimes.com/2023/03/03/us/best-art-museums-california.html,no
20230108215059,https://www.nytimes.com/2023/01/08/arts/television/adam-rich-dead.html,no
20230101222610,https://www.nytimes.com/2023/01/01/arts/music/jeremiah-green-dead.html,no
20230224214523,https://www.nytimes.com/2023/02/24/us/california-snow-tracker-map.html,no
20230122230856,https://www.nytimes.com/2023/01/22/us/lisa-marie-presley-memorial.html,no
20230221154441,https://www.nytimes.com/2023/02/21/us/bedford-metal-fire-explosion.html,no
20230220195923,https://www.nytimes.com/2023/02/20/world/asia/philippines-china-us.html,no
20230113230852,https://www.nytimes.com/2023/01/13/us/politics/russell-pearce-dead.html,no
20230108001533,https://www.nytimes.com/2023/01/06/us/idaho-killings-investigation.html,no
20230209202851,https://www.nytimes.com/2023/02/09/us/house-condemns-china-balloon.html,no
20230218000337,https://www.nytimes.com/2023/02/17/climate/biden-epa-mercury-trump.html,no
20230220195923,https://www.nytimes.com/2023/02/20/us/politics/biden-ukraine-visit.html,no
20230211214821,https://www.nytimes.com/2023/02/11/arts/television/cody-longo-dead.html,no
20230223004353,https://www.nytimes.com/2023/02/22/us/taiwan-china-house-lawmakers.html,no
20230103175524,https://www.nytimes.com/2023/01/03/us/southwest-airline-california.html,no
20230122010341,https://www.nytimes.com/2023/01/21/us/politics/ron-klain-resigning.html,no
20230120190559,https://www.nytimes.com/2023/01/20/us/california-natural-disasters.html,no
20230304004441,https://www.nytimes.com/2023/03/03/us/us-news-rankings-law-schools.html,no
20230227232943,https://www.nytimes.com/2023/02/27/us/native-american-pollution-ad.html,no
20230106104657,https://www.nytimes.com/article/california-storm-maps-weather-rain.html,no
20230204235618,https://www.nytimes.com/2023/02/04/briefing/restaurant-travel-tips.html,no
20230118232854,https://www.nytimes.com/2023/01/18/books/boston-books-paul-theroux.html,no
20230213213400,https://www.nytimes.com/2023/02/13/us/trump-inquiry-report-georgia.html,no
20230202225423,https://www.nytimes.com/2023/02/02/us/congress-investigation-jrotc.html,no
20230130235453,https://www.nytimes.com/2023/01/30/health/covid-education-children.html,no
20230213213400,https://www.nytimes.com/2023/02/13/us/lori-lightfoot-chicago-mayor.html,no
20230304004441,https://www.nytimes.com/2023/03/03/health/walgreens-abortion-pills.html,no
20230218000337,https://www.nytimes.com/2023/02/17/us/law-schools-lsat-requirement.html,no
20230128223951,https://www.nytimes.com/2023/01/28/obituaries/mary-barr-overlooked.html,no
20230202011207,https://www.nytimes.com/2023/02/01/sports/baseball/john-adams-dead.html,no
20230301002957,https://www.nytimes.com/2023/02/28/us/lori-lightfoot-chicago-mayor.html,no
20230208150352,https://www.nytimes.com/2023/02/07/us/romney-santos-tense-exchange.html,no
20230218233541,https://www.nytimes.com/2023/02/18/us/politics/jimmy-carter-hospice.html,no
20230226213516,https://www.nytimes.com/2023/02/26/us/politics/russia-ukraine-peace.html,no
20230216002517,https://www.nytimes.com/2023/02/15/us/politics/balloon-ufo-us-china.html,no
20230101222610,https://www.nytimes.com/2023/01/01/us/bryan-kohberger-idaho-murders.html,no
20230104235859,https://www.nytimes.com/2023/01/04/technology/meta-facebook-eu-gdpr.html,no
20230203231123,https://www.nytimes.com/2023/02/03/us/grizzly-bears-protections-end.html,no
20230302235321,https://www.nytimes.com/2023/03/02/us/politics/trump-jan-6-lawsuits.html,no
20230101222610,https://help.nytimes.com/hc/en-us/articles/115014792127-Copyright-notice,no
20230201005443,https://www.nytimes.com/2023/01/31/health/coronavirus-variants-deer.html,no
20230301002957,https://www.nytimes.com/2023/02/28/us/chicago-mayor-election-issues.html,no
20230216002517,https://www.nytimes.com/2023/02/15/climate/david-malpass-world-bank.html,no
20230221154441,https://www.nytimes.com/2023/02/21/us/winter-storm-weather-forecast.html,no
20230119225736,https://www.nytimes.com/2023/01/19/us/newport-news-teacher-shooting.html,no
20230226213516,https://www.nytimes.com/2023/02/26/nyregion/world-trade-center-1993.html,no
20230116223949,https://www.nytimes.com/2023/01/16/business/quitting-jobs-happiness.html,no
20230113230852,https://www.nytimes.com/2023/01/13/us/idaho-murders-bryan-kohberger.html,no
20230226213516,https://www.nytimes.com/2023/02/26/us/oklahoma-severe-weather-winds.html,no
20230108001533,https://www.nytimes.com/2023/01/07/us/arkansas-altar-damaged-stolen.html,no
20230225031439,https://www.nytimes.com/2023/02/24/us/politics/biden-ukraine-russia.html,no
20230126010216,https://www.nytimes.com/2023/01/25/us/politics/obamacare-enrollment.html,no
20230205230121,https://www.nytimes.com/2023/02/05/us/politics/gop-federal-spending.html,no
20230218233541,https://www.nytimes.com/2023/02/18/us/elizabeth-leitman-storm-watch.html,no
20230216002517,https://www.nytimes.com/2023/02/15/us/ohio-train-derailment-anxiety.html,no
20230116003950,https://www.nytimes.com/2023/01/15/us/springfield-paramedics-murder.html,no
20230208000929,https://www.nytimes.com/2023/02/07/us/politics/china-balloon-austin.html,no
20230118005812,https://www.nytimes.com/2023/01/17/us/supreme-court-halkbank-turkey.html,no
20230112234816,https://www.nytimes.com/2023/01/12/us/idaho-murders-bryan-kohberger.html,no
20230109230229,https://www.nytimes.com/2023/01/09/us/newport-news-teacher-shooting.html,no
20230221154441,https://www.nytimes.com/2023/02/21/travel/lufthansa-refunds-collect.html,no
20230202011207,https://www.nytimes.com/2023/02/01/us/george-floyd-act-tyre-nichols.html,no
20230101222610,https://help.nytimes.com/hc/en-us/articles/115014893428-Terms-of-service,no
20230219234025,https://www.nytimes.com/2023/02/19/us/bruces-beach-sold-reparations.html,no
20230216165854,https://www.nytimes.com/2023/02/16/us/california-natural-gas-prices.html,no
20230219234025,https://www.nytimes.com/2023/02/19/briefing/asia-aging-popupulation.html,no
20230104235859,https://www.nytimes.com/2023/01/04/business/james-buster-corley-dead.html,no
20230220195923,https://www.nytimes.com/2023/02/20/us/politics/ufos-alaska-deadhorse.html,no
20230208150352,https://www.nytimes.com/2023/02/08/briefing/biden-state-of-the-union.html,no
20230123223641,https://www.nytimes.com/2023/01/23/us/supreme-court-veteran-opinions.html,no
20230109230229,https://www.nytimes.com/2023/01/09/us/korean-war-memorial-wall-names.html,no
20230111233404,https://www.nytimes.com/2023/01/11/us/pnw-storm-rain-wind-landslides.html,no
20230122230856,https://www.nytimes.com/2023/01/22/us/politics/womens-march-roe-wade.html,no
20230105215845,https://www.nytimes.com/2023/01/05/us/idaho-student-murders-timeline.html,no
20230208150352,https://www.nytimes.com/2023/02/08/us/goshen-massacre-central-valley.html,no
20230130235453,https://www.nytimes.com/2023/01/30/us/aviation-airline-faa-employees.html,no
20230208150352,https://www.nytimes.com/2023/02/08/us/jaywalk-taser-death-settlement.html,no
20230214085505,https://www.nytimes.com/2023/02/13/us/politics/ufo-spy-balloon-china.html,no
20230211214821,https://www.nytimes.com/2023/02/11/us/denver-shooting-boy-stolen-car.html,no
20230201005443,https://www.nytimes.com/2023/01/31/us/politics/dave-durenberger-dead.html,no
20230225031439,https://www.nytimes.com/2023/02/24/us/california-rare-snow-hollywood.html,no
20230128223951,https://www.nytimes.com/2023/01/28/us/politics/trump-campaign-events.html,no
20230101222610,https://www.nytimes.com/2022/12/30/us/rick-singer-college-admissions.html,no
20230123223641,https://www.nytimes.com/2023/01/23/us/trump-georgia-criminal-charges.html,no
20230305225407,https://www.nytimes.com/2023/03/05/us/exxon-lawsuit-nooses-louisiana.html,no
20230218000337,https://www.nytimes.com/video/us/100000008776257/tyre-nichols-family.html,no
20230218233541,https://www.nytimes.com/2023/02/18/us/coast-guard-columbia-river-bar.html,no
20230101222610,https://www.nytimes.com/2023/01/01/headway/composting-food-leftovers.html,no
20230225031439,https://www.nytimes.com/2023/02/24/health/abortion-pills-fda-lawsuit.html,no
20230227232943,https://www.nytimes.com/2023/02/27/sports/olympics/bob-richards-dead.html,no
20230227232943,https://www.nytimes.com/article/warrantless-surveillance-section-702.html,no
20230210162423,https://www.nytimes.com/2023/02/09/us/politics/fetterman-hospitalized.html,no
20230119225736,https://www.nytimes.com/2023/01/19/us/politics/supreme-court-leak-roe.html,no
20230118005812,https://www.nytimes.com/2023/01/17/us/politics/ukraine-israel-weapons.html,no
20230218000337,https://www.nytimes.com/2023/02/17/us/alex-murdaugh-trial-prosecution.html,no
20230127235118,https://www.nytimes.com/2023/01/27/us/tyre-nichols-video-release-time.html,no
20230216002517,https://www.nytimes.com/2023/02/15/health/narcan-nalaxone-drug-stores.html,no
20230111233404,https://www.nytimes.com/2023/01/11/us/karon-blake-shooting-washington.html,no
20230127000810,https://www.nytimes.com/2023/01/26/science/astronomy-asteroids-2023bu.html,no
20230223004353,https://www.nytimes.com/2023/02/22/us/supreme-court-twitter-terrorism.html,no
20230301002957,https://www.nytimes.com/2023/02/28/us/politics/cpac-republicans-trump.html,no
20230130005133,https://www.nytimes.com/2023/01/29/us/emt-tyre-nichols-response-video.html,no
20230216165854,https://www.nytimes.com/2023/02/16/business/shopping-malls-residences.html,no
20230223004353,https://www.nytimes.com/2023/02/22/us/politics/proud-boys-jan-6-trial.html,no
20230208000929,https://www.nytimes.com/2023/02/07/us/state-of-the-union-speech-watch.html,no
20230105215845,https://www.nytimes.com/article/california-weather-forecast-rain-wind.html,no
20230104235859,https://www.nytimes.com/2023/01/04/us/idaho-murders-kohberger-suspect.html,no
20230126010216,https://www.nytimes.com/2023/01/25/us/mass-shooting-goshen-california.html,no
20230126010216,https://www.nytimes.com/2023/01/25/us/politics/faa-outage-legislation.html,no
20230224214523,https://www.nytimes.com/2023/02/24/us/winter-storm-california-weather.html,no
20230216165854,https://www.nytimes.com/2023/02/15/us/ohio-train-derailment-town-hall.html,no
20230130005133,https://www.nytimes.com/2023/01/29/us/tyre-nichols-video-assault-cops.html,no
20230304004441,https://www.nytimes.com/2023/03/03/us/california-snow-drought-weather.html,no
20230116003950,https://www.nytimes.com/2023/01/15/briefing/netanyahu-israel-protests.html,no
20230118005812,https://www.nytimes.com/2023/01/17/us/politics/matt-dolan-senate-ohio.html,no
20230118232854,https://www.nytimes.com/2023/01/18/us/columbia-president-nemat-shafik.html,no
20230103175524,https://www.nytimes.com/2023/01/03/us/politics/george-santos-congress.html,no
20230302235321,https://www.nytimes.com/2023/03/02/us/murdaugh-murders-trial-takeaways.html,no
20230128223951,https://www.nytimes.com/2023/01/28/us/police-tyre-nichols-beating-race.html,no
20230201005443,https://www.nytimes.com/2023/01/31/us/politics/us-russia-nuclear-treat.html,no
20230118232854,https://www.nytimes.com/2023/01/18/us/politics/ukraine-crimea-military.html,no
20230104235859,https://www.nytimes.com/2023/01/04/health/children-eating-edibles-weed.html,no
20230113230852,https://www.nytimes.com/2023/01/13/us/newport-news-shooting-gun-search.html,no
20230116003950,https://www.nytimes.com/2023/01/14/us/felton-california-storm-flooding.html,no
20230221154441,https://www.nytimes.com/2023/02/21/us/politics/wisconsin-supreme-court.html,no
20230202011207,https://www.nytimes.com/2023/02/01/us/politics/debt-ceiling-fact-check.html,no
20230122230856,https://www.nytimes.com/2023/01/22/us/gender-identity-students-parents.html,no
20230116003950,https://www.nytimes.com/2023/01/15/us/politics/biden-mlk-voting-rights.html,no
20230306235926,https://www.nytimes.com/2023/03/06/arts/design/david-lance-goines-dead.html,no
20230306235926,https://www.nytimes.com/2023/03/06/us/california-tire-chain-installers.html,no
20230114234207,https://www.nytimes.com/2023/01/14/us/california-weather-forecast-rain.html,no
20230126010216,https://www.nytimes.com/2023/01/25/us/oil-amazon-rainforest-california.html,no
20230203231123,https://www.nytimes.com/2023/02/03/us/ohio-police-shooting-joe-frasure.html,no
20230219234025,https://www.nytimes.com/2023/02/19/us/memphis-mass-shooting-whitehaven.html,no
20230210162423,https://www.nytimes.com/2023/02/10/us/politics/ron-desantis-news-media.html,no
20230202011207,https://www.nytimes.com/2023/02/01/us/al-sharpton-tyre-nichols-funeral.html,no
20230124232900,https://www.nytimes.com/2023/01/23/us/tyre-nichols-memphis-police-dead.html,no
20230203231123,https://www.nytimes.com/2023/02/03/us/politics/sugar-salt-school-meals.html,no
20230220195923,https://www.nytimes.com/2023/02/20/health/stroke-treatment-stimulation.html,no
20230128223951,https://www.nytimes.com/2023/01/28/us/politics/russia-generals-ukraine.html,no
20230223231606,https://www.nytimes.com/2023/02/23/us/politics/east-palestine-politics.html,no
20230113230852,https://www.nytimes.com/video/us/100000008726707/south-tornadoes-storm.html,no
20230305225407,https://www.nytimes.com/2023/03/05/us/ron-desantis-florida-legislature.html,no
20230108215059,https://www.nytimes.com/2023/01/08/us/politics/house-republicans-rules.html,no
20230223004353,https://www.nytimes.com/2023/02/22/us/texas-superintendent-resigns-gun.html,no
20230305225407,https://www.nytimes.com/2023/03/05/science/sunflower-sea-stars-urchins.html,no
20230216165854,https://www.nytimes.com/interactive/2023/02/16/us/church-jordan-letter.html,no
20230302235321,https://www.nytimes.com/2023/03/02/us/radioactive-material-dirty-bombs.html,no
20230127235118,https://www.nytimes.com/2023/01/27/us/nancy-liu-monterey-park-shooting.html,no
20230218000337,https://www.nytimes.com/2023/02/17/us/shooting-tate-county-mississippi.html,no
20230108215059,https://www.nytimes.com/2023/01/08/briefing/university-of-idaho-murders.html,no
20230119225736,https://www.nytimes.com/2023/01/19/us/refugee-resettlement-policy-biden.html,no
20230203231123,https://www.nytimes.com/2023/02/03/us/missing-rapper-men-killed-detroit.html,no
20230120190559,https://www.nytimes.com/2023/01/20/briefing/debt-limit-default-congress.html,no
20230208000929,https://www.nytimes.com/2023/02/07/us/sarah-huckabee-sanders-sotu-trump.html,no
20230220195923,https://www.nytimes.com/2023/02/20/us/jackson-mississippi-policing-plan.html,no
20230112234816,https://www.nytimes.com/2023/01/12/us/politics/proud-boys-trial-opening.html,no
20230118005812,https://www.nytimes.com/2023/01/17/us/solomon-pena-new-mexico-shootings.html,no
20230109230229,https://www.nytimes.com/2023/01/09/us/trump-georgia-election-grand-jury.html,no
20230122010341,https://www.nytimes.com/2023/01/20/us/tyre-nichols-memphis-police-fired.html,no
20230103175524,https://www.nytimes.com/2023/01/03/us/politics/steven-sund-jan-6-attack.html,no
20230208150352,https://www.nytimes.com/2023/02/08/us/san-antonio-asian-american-latino.html,no
20230213213400,https://www.nytimes.com/2023/02/13/us/politics/norad-canada-balloon-ufo.html,no
20230122010341,https://www.nytimes.com/2023/01/20/us/solomon-pena-new-mexico-shootings.html,no
20230109230229,https://www.nytimes.com/video/us/100000008719956/santa-cruz-storm-flood.html,no
20230128223951,https://www.nytimes.com/2023/01/28/us/beverly-hills-shooting-california.html,no
20230211214821,https://www.nytimes.com/2023/02/10/us/idaho-murders-kohberger-fired-wsu.html,no
20230219234025,https://www.nytimes.com/2023/02/19/us/michigan-state-shooting-audio-911.html,no
20230128223951,https://www.nytimes.com/2023/01/28/us/tyre-nichols-death-memphis-police.html,no
20230108001533,https://www.nytimes.com/2023/01/06/us/idaho-supreme-court-abortion-bans.html,no
20230126010216,https://www.nytimes.com/2023/01/25/us/california-shooting-half-moon-bay.html,no
20230202011207,https://www.nytimes.com/2023/02/01/us/oregon-torture-dating-apps-arrest.html,no
20230111233404,https://www.nytimes.com/2023/01/10/us/jaylen-smith-mayor-earle-arkansas.html,no
20230112234816,https://www.nytimes.com/2023/01/12/us/politics/biden-documents-timeline.html,no
20230203231123,https://www.nytimes.com/2023/02/03/us/politics/kari-lake-arizona-senate.html,no
20230101222610,https://www.nytimes.com/2023/01/01/us/politics/education-discrimination.html,no
20230104235859,https://www.nytimes.com/2023/01/04/us/california-storm-weather-forecast.html,no
20230209202851,https://www.nytimes.com/2023/02/09/us/indiana-cold-case-laurel-mitchell.html,no
20230113230852,https://www.nytimes.com/2023/01/13/us/politics/david-kessler-biden-covid.html,no
20230208000929,https://www.nytimes.com/2023/02/07/us/octavia-butler-southern-california.html,no
20230126010216,https://www.nytimes.com/2023/01/25/us/politics/biden-democrats-documents.html,no
20230122010341,https://www.nytimes.com/2023/01/21/us/politics/us-troops-romania-ukraine.html,no
20230218233541,https://www.nytimes.com/2023/02/18/climate/climate-change-cotton-tampons.html,no
20230120190559,https://www.nytimes.com/2023/01/20/us/politics/voting-rights-laws-states.html,no
20230201005443,https://www.nytimes.com/2023/01/31/us/john-roberts-jane-sullivan-roberts.html,no
20230302235321,https://www.nytimes.com/2023/03/02/us/arkansas-louisiana-texas-tornadoes.html,no
20230103175524,https://www.nytimes.com/2023/01/03/health/social-media-brain-adolescents.html,no
20230122010341,https://www.nytimes.com/2023/01/21/us/san-diego-lucky-phounsy-settlement.html,no
20230306235926,https://www.nytimes.com/2023/03/06/us/politics/bird-flu-vaccine-chickens.html,no
20230214085505,https://www.nytimes.com/video/us/100000008770194/michigan-state-shooting.html,no
20230127000810,https://www.nytimes.com/2023/01/26/us/politics/covid-outbreak-guantanamo.html,no
20230223231606,https://www.nytimes.com/2023/02/23/us/kentucky-revival-asbury-university.html,no
20230218000337,https://www.nytimes.com/2023/02/17/us/trump-georgia-grand-jury-takeaways.html,no
20230120190559,https://www.nytimes.com/2023/01/20/us/march-for-life-washington-roe-wade.html,no
20230220195923,https://www.nytimes.com/2023/02/20/us/politics/biden-putin-ukraine-visit.html,no
20230130005133,https://www.nytimes.com/2023/01/29/us/california-gun-laws-mass-shootings.html,no
20230202011207,https://www.nytimes.com/2023/02/01/us/kamala-harris-tyre-nichols-funeral.html,no
20230209202851,https://www.nytimes.com/2023/02/09/us/politics/china-spy-balloon-program.html,no
20230306235926,https://www.nytimes.com/2023/03/06/us/politics/trump-lawyer-ethics-jan-6.html,no
20230202225423,https://www.nytimes.com/2023/02/01/us/ap-african-american-studies-course.html,no
20230122230856,https://www.nytimes.com/2023/01/22/us/politics/russia-spain-letter-bombs.html,no
20230208000929,https://www.nytimes.com/2023/02/06/us/police-teams-memphis-scorpion-unit.html,no
20230124232900,https://www.nytimes.com/2023/01/24/us/trump-georgia-2020-election-report.html,no
20230122010341,https://www.nytimes.com/2023/01/21/us/politics/25-years-clinton-lewinsky.html,no
20230202225423,https://www.nytimes.com/2023/02/02/nyregion/bobbi-wilson-lanternfly-yale.html,no
20230227232943,https://www.nytimes.com/2023/02/27/us/chicago-mayoral-election-lightfoot.html,no
20230126010216,https://www.nytimes.com/2023/01/25/us/politics/proud-boys-violence-jan-6.html,no
20230223231606,https://www.nytimes.com/2023/02/23/us/journalist-killed-orlando-shooting.html,no
20230116003950,https://www.nytimes.com/2023/01/15/us/indiana-university-student-stabbed.html,no
20230116223949,https://www.nytimes.com/2023/01/16/us/arizona-water-rio-verde-scottsdale.html,no
20230111233404,https://www.nytimes.com/2023/01/11/us/politics/biden-classified-documents.html,no
20230225031439,https://www.nytimes.com/2023/02/24/world/americas/canada-train-derailment.html,no
20230201005443,https://www.nytimes.com/2023/01/31/us/politics/biden-documents-fbi-search.html,no
20230216165854,https://www.nytimes.com/2023/02/16/us/politics/rick-scott-social-security.html,no
20230204235618,https://www.nytimes.com/2023/02/04/us/electrical-substation-attacks-nc-wa.html,no
20230130005133,https://www.nytimes.com/2023/01/29/us/abortion-rights-state-constitutions.html,no
20230122230856,https://www.nytimes.com/2023/01/21/us/florida-ap-african-american-studies.html,no
20230201005443,https://www.nytimes.com/2023/01/31/us/corn-mill-fufeng-china-north-dakota.html,no
20230126010216,https://www.nytimes.com/2023/01/25/us/shootings-guns-bystanders-civilians.html,no
20230111233404,https://www.nytimes.com/interactive/2023/01/11/us/resume-of-george-santos.html,no
20230120190559,https://www.nytimes.com/2023/01/19/us/politics/trump-clinton-lawsuit-fine.html,no
20230116223949,https://www.nytimes.com/2023/01/16/science/photography-animals-encounters.html,no
20230218233541,https://www.nytimes.com/2023/02/18/arts/jeff-koons-sculpture-broken-miami.html,no
20230130235453,https://www.nytimes.com/2023/01/30/us/covering-the-monterey-park-shooting.html,no
20230202225423,https://www.nytimes.com/2023/02/02/us/politics/trump-2024-nominee-support.html,no
20230114234207,https://www.nytimes.com/2023/01/14/us/biden-classified-documents-delaware.html,no
20230106104657,https://www.nytimes.com/2023/01/05/us/politics/kevin-hern-speaker-boebert.html,no
20230122230856,https://www.nytimes.com/2023/01/22/us/politics/jeff-zients-chief-of-staff.html,no
20230106104657,https://www.nytimes.com/2023/01/05/us/politics/democrats-primary-calendar.html,no
20230304004441,https://www.nytimes.com/2023/03/03/us/politics/biden-scholz-ukraine-china.html,no
20230218000337,https://www.nytimes.com/2023/02/17/us/politics/chinese-spy-balloon-debris.html,no
20230216002517,https://www.nytimes.com/2023/02/15/us/johnson-wrongful-conviction-release.html,no
20230120190559,https://www.nytimes.com/2023/01/20/us/politics/biden-classified-documents.html,no
20230128223951,https://www.nytimes.com/2023/01/28/us/tyre-nichols-video-reaction-protests.html,no
20230223231606,https://www.nytimes.com/2023/02/23/business/economy/starbucks-union-ruling.html,no
20230105215845,https://www.nytimes.com/2023/01/05/us/politics/trump-speaker-vote-mccarthy.html,no
20230122230856,https://www.nytimes.com/video/us/100000008737185/la-monterey-park-shooting.html,no
20230210162423,https://www.nytimes.com/2023/02/10/us/oregon-olcc-pappy-van-winkle-bourbon.html,no
20230119225736,https://www.nytimes.com/2023/01/19/us/abortion-roe-v-wade-50th-anniversary.html,no
20230119225736,https://www.nytimes.com/2023/01/19/climate/bernhardt-ethics-interior-trump.html,no
20230304004441,https://www.nytimes.com/2023/03/03/us/ethan-melzer-army-neo-nazi-sentenced.html,no
20230223004353,https://www.nytimes.com/2023/02/22/us/jimmy-carter-hometown-plains-georgia.html,no
20230104235859,https://www.nytimes.com/2023/01/04/us/martina-navratilova-cancer-diagnosis.html,no
20230116003950,https://www.nytimes.com/2023/01/15/us/affirmative-action-admissions-scotus.html,no
20230103175524,https://www.nytimes.com/2023/01/03/us/politics/kevin-mccarthy-speaker-vote.html,no
20230225031439,https://www.nytimes.com/2023/02/24/us/alex-murdaugh-murder-trial-testimony.html,no
20230227232943,https://www.nytimes.com/2023/02/27/us/california-water-storage-underground.html,no
20230127000810,https://www.nytimes.com/2023/01/26/us/politics/isis-leader-us-somalia-raid.html,no
20230119225736,https://www.nytimes.com/2023/01/19/us/politics/john-eastman-investigations.html,no
20230127235118,https://www.nytimes.com/2023/01/26/us/half-moon-bay-shooting-concord-farms.html,no
20230127235118,https://www.nytimes.com/2023/01/27/health/pregnancy-maternity-women-deaths.html,no
20230101222610,https://www.nytimes.com/2023/01/01/us/nurse-arrested-sexual-abuse-colorado.html,no
20230218000337,https://www.nytimes.com/2023/02/17/business/child-labor-packers-sanitation.html,no
20230105215845,https://www.nytimes.com/2023/01/05/world/middleeast/turkey-spelling-change.html,no
20230120190559,https://www.nytimes.com/2023/01/20/us/desantis-prosecutor-suspended-warren.html,no
20230204235618,https://www.nytimes.com/2023/02/04/us/train-derailment-fire-palestine-ohio.html,no
20230110220501,https://www.nytimes.com/2023/01/10/us/missing-5-year-old-california-floods.html,no
20230210162423,https://www.nytimes.com/2023/02/10/briefing/artificial-intelligence-search.html,no
20230301083504,https://www.nytimes.com/2023/02/28/us/ohio-train-derailment-east-palestine.html,no
20230118005812,https://www.nytimes.com/video/us/100000008730950/walshe-case-massachusetts.html,no
20230103175524,https://www.nytimes.com/2023/01/03/us/gun-violence-survivors-support-group.html,no
20230301002957,https://www.nytimes.com/2023/02/27/us/meat-plant-raid-immigrants-tennessee.html,no
20230101222610,https://www.nytimes.com/2023/01/01/briefing/new-year-resolutions-happiness.html,no
20230216002517,https://www.nytimes.com/2023/02/15/climate/ohio-train-fire-toxic-chemicals.html,no
20230305225407,https://www.nytimes.com/2023/03/05/us/republicans-district-attorneys-trump.html,no
20230124232900,https://www.nytimes.com/2023/01/24/us/monterey-park-shooting-victim-my-nhan.html,no
20230208000929,https://www.nytimes.com/2023/02/07/us/united-airlines-laptop-fire-san-diego.html,no
20230223231606,https://www.nytimes.com/2023/02/23/us/harvey-weinstein-sentence-los-angeles.html,no
20230126010216,https://www.nytimes.com/2023/01/25/us/politics/transgender-laws-republicans.html,no
20230204235618,https://www.nytimes.com/video/us/100000008756189/ohio-train-derailment-fire.html,no
20230106104657,https://www.nytimes.com/2023/01/05/us/politics/speaker-election-house-media.html,no
20230108001533,https://www.nytimes.com/2023/01/07/us/politics/mccarthy-speaker-rules-house.html,no
20230211214821,https://www.nytimes.com/2023/02/11/us/lax-plane-bus-crash-american-airlines.html,no
20230224214523,https://www.nytimes.com/2023/02/23/us/colorado-springs-shooting-hate-crimes.html,no
20230210162423,https://www.nytimes.com/2023/02/10/us/politics/john-fetterman-senate-stroke.html,no
20230301002957,https://www.nytimes.com/2023/02/28/us/politics/jimmy-carter-black-americans.html,no
20230116223949,https://www.nytimes.com/2023/01/16/us/politics/red-flag-laws-mass-shootings.html,no
20230208000929,https://www.nytimes.com/2023/02/07/us/texas-china-ownership-real-estate-ban.html,no
20230106104657,https://www.nytimes.com/2023/01/06/us/politics/trump-lawsuit-brian-sicknick.html,no
20230227232943,https://www.nytimes.com/2023/02/27/us/politics/biden-congress-dc-crime-bill.html,no
20230219234025,https://www.nytimes.com/2023/02/19/arts/television/19xp-richard-belzer-dead.html,no
20230106104657,https://www.nytimes.com/2023/01/05/us/south-carolina-abortion-supreme-court.html,no
20230304004441,https://www.nytimes.com/video/us/100000008796650/storm-tornado-south-deaths.html,no
20230120190559,https://www.nytimes.com/2023/01/20/us/politics/pete-buttigieg-southwest-faa.html,no
20230118232854,https://www.nytimes.com/2023/01/18/us/democrats-michigan-minnesota-maryland.html,no
20230220195923,https://www.nytimes.com/2023/02/20/us/politics/james-okeefe-project-veritas.html,no
20230209202851,https://www.nytimes.com/2023/02/09/us/politics/nancy-mace-jokes-republicans.html,no
20230208150352,https://www.nytimes.com/2023/02/08/us/sarah-huckabee-sanders-gop-biden-sotu.html,no
20230221154441,https://www.nytimes.com/2023/02/21/climate/united-sustainable-aviation-fuel.html,no
20230128223951,https://www.nytimes.com/2023/01/28/us/politics/trump-social-media-extremism.html,no
20230108215059,https://www.nytimes.com/2023/01/07/us/virginia-shooting-richneck-elementary.html,no
20230112234816,https://www.nytimes.com/2023/01/12/us/tornadoes-severe-storms-weather-south.html,no
20230227232943,https://www.nytimes.com/2023/02/27/us/politics/child-care-chip-makers-biden.html,no
20230116003950,https://www.nytimes.com/2023/01/15/us/politics/2020-recount-lycoming-county.html,no
20230226213516,https://www.nytimes.com/2023/02/25/us/california-flood-farms-central-valley.html,no
20230224214523,https://www.nytimes.com/2023/02/24/us/politics/east-palestine-ohio-jd-vance.html,no
20230306235926,https://www.nytimes.com/2023/03/06/technology/white-house-congress-on-tiktok.html,no
20230306235926,https://www.nytimes.com/2023/03/06/us/politics/proud-boys-trial-jan-6-videos.html,no
20230223004353,https://www.nytimes.com/2023/02/22/us/politics/tucker-carlson-jan-6-mccarthy.html,no
20230224214523,https://www.nytimes.com/2023/02/24/us/east-palestine-ohio-residents-lawsuits.html,no
20230214085505,https://www.nytimes.com/2023/02/13/us/oregon-liquor-control-director-resigns.html,no
20230105215845,https://www.nytimes.com/2023/01/05/us/damar-hamlin-prayers-football-religion.html,no
20230202225423,https://www.nytimes.com/2023/02/02/us/politics/ann-mclaughlin-korologos-dead.html,no
20230301002957,https://www.nytimes.com/2023/02/28/us/politics/biden-republicans-budget-cuts.html,no
20230101222610,https://www.nytimes.com/international/?action=click&region=Footer&pgtype=Homepage,no
20230112234816,https://www.nytimes.com/2023/01/12/us/california-storms-drought-water-supply.html,no
20230119225736,https://www.nytimes.com/2023/01/18/us/atlanta-police-center-protester-killed.html,no
20230224214523,https://www.nytimes.com/2023/02/24/us/politics/biden-zelensky-ukraine-russia.html,no
20230130235453,https://www.nytimes.com/2023/01/30/us/memphis-officer-suspended-tyre-nichols.html,no
20230223231606,https://www.nytimes.com/2023/02/23/us/politics/presidential-debate-milwaukee.html,no
20230204235618,https://www.nytimes.com/2023/02/04/us/politics/chinese-spy-balloon-obsession.html,no
20230118232854,https://www.nytimes.com/2023/01/18/us/los-angeles-flood-risk-black-residents.html,no
20230204235618,https://www.nytimes.com/video/us/100000008756290/chinese-ballon-spy-shotdown.html,no
20230205230121,https://www.nytimes.com/2023/02/05/us/iowa-presumed-dead-body-bag-alzheimers.html,no
20230114234207,https://www.nytimes.com/2023/01/14/climate/california-atmospheric-river-noaa.html,no
20230205230121,https://www.nytimes.com/2023/02/05/us/politics/chinese-spy-balloon-shot-down.html,no
20230210162423,https://www.nytimes.com/2023/02/10/us/politics/harm-reduction-overdoses-iowa.html,no
20230216002517,https://www.nytimes.com/2023/02/15/us/politics/default-debt-limit-cbo-report.html,no
20230108215059,https://www.nytimes.com/2023/01/08/us/california-storms-weather-power-outage.html,no
20230212225258,https://www.nytimes.com/2023/02/12/us/politics/desantis-trump-2024-president.html,no
20230130235453,https://www.nytimes.com/2023/01/30/us/politics/gabby-giffords-mass-shootings.html,no
20230221154441,https://www.nytimes.com/2023/02/21/us/politics/barbara-lee-senate-california.html,no
20230114234207,https://www.nytimes.com/2023/01/14/business/hawaii-airlines-turbulence-smoke.html,no
20230226213516,https://www.nytimes.com/2023/02/25/us/california-weather-storm-snow-blizzard.html,no
20230130235453,https://www.nytimes.com/2023/01/30/business/economy/used-cars-carmax-carvana.html,no
20230212225258,https://www.nytimes.com/2023/02/12/us/politics/bernie-sanders-help-committee.html,no
20230304004441,https://www.nytimes.com/video/us/100000008796528/black-vietnam-veteran-medal.html,no
20230201005443,https://www.nytimes.com/2023/01/31/us/politics/black-americans-irs-tax-audits.html,no
20230114234207,https://www.nytimes.com/2023/01/14/us/george-kittle-power-san-francisco-49ers.html,no
20230110220501,https://www.nytimes.com/2023/01/10/us/politics/katie-porter-senate-california.html,no
20230116223949,https://www.nytimes.com/2023/01/16/health/fake-death-romance-novelist-meachen.html,no
20230113230852,https://www.nytimes.com/2023/01/13/us/california-drought-storms-water-storage.html,no
20230118005812,https://www.nytimes.com/2023/01/17/us/ana-walshe-husband-murder-massachusetts.html,no
20230104235859,https://www.nytimes.com/2023/01/04/us/politics/mccarthy-republicans-rebellion.html,no
20230204235618,https://www.nytimes.com/2023/02/03/us/mass-shooting-goshen-california-arrests.html,no
20230126010216,https://www.nytimes.com/2023/01/25/science/nih-ecohealth-coronavirus-lab-leak.html,no
20230212225258,https://www.nytimes.com/2023/02/12/us/politics/us-shoots-down-object-michigan.html,no
20230112234816,https://www.nytimes.com/2023/01/12/us/politics/southwest-cancellations-delays.html,no
20230130005133,https://www.nytimes.com/2023/01/29/nyregion/arson-temple-ner-tamid-new-jersey.html,no
20230213213400,https://www.nytimes.com/2023/02/13/health/teen-girls-sadness-suicide-violence.html,no
20230202225423,https://www.nytimes.com/2023/02/02/business/eye-drops-ezricare-infections-cdc.html,no
20230205230121,https://www.nytimes.com/2023/02/05/us/austin-airport-plane-near-collision-faa.html,no
20230219234025,https://www.nytimes.com/2023/02/19/us/politics/timothy-heaphy-jan-6-committee.html,no
20230302235321,https://www.nytimes.com/2023/03/02/us/politics/biden-no-veto-dc-criminal-code.html,no
20230223004353,https://www.nytimes.com/2023/02/22/us/colorado-springs-shooting-court-hearing.html,no
20230104235859,https://www.nytimes.com/2023/01/04/us/politics/byron-donalds-house-republican.html,no
20230226213516,https://www.nytimes.com/2023/02/26/us/auburn-missing-student-kyle-clinkscales.html,no
20230304004441,https://www.nytimes.com/2023/03/03/business/media/bernadette-carey-smith-dead.html,no
20230203231123,https://www.nytimes.com/interactive/2023/02/03/us/politics/ukraine-ammunition.html,no
20230227232943,https://www.nytimes.com/2023/02/27/climate/turkey-syria-earthquakes-california.html,no
20230123223641,https://www.nytimes.com/2023/01/23/us/politics/oath-keepers-convicted-sedition.html,no
20230122230856,https://www.nytimes.com/2023/01/22/health/damar-hamlin-cardiac-arrest-hospital.html,no
20230104235859,https://www.nytimes.com/2023/01/03/us/moscow-idaho-bryan-kohberger-extradition.html,no
20230119225736,https://www.nytimes.com/2023/01/19/us/politics/coronavirus-outbreak-guantanamo.html,no
20230127235118,https://www.nytimes.com/video/us/politics/100000008744938/paul-pelosi-911-call.html,no
20230110220501,https://www.nytimes.com/2023/01/10/us/california-evacuation-storm-power-outage.html,no
20230120190559,https://www.nytimes.com/2023/01/20/us/politics/abortion-republicans-roe-v-wade.html,no
20230118005812,https://www.nytimes.com/2023/01/17/us/politics/matt-schlapp-groping-accusation.html,no
20230108001533,https://www.nytimes.com/2023/01/07/us/politics/speaker-mccarthy-gingrich-trump.html,no
20230120190559,https://www.nytimes.com/2023/01/20/us/michigan-family-dollar-shooting-sentence.html,no
20230225031439,https://www.nytimes.com/video/us/100000008786474/alex-murdaugh-trial-testimony.html,no
20230223231606,https://www.nytimes.com/2023/02/23/us/trump-legal-team-assails-georgia-inquiry.html,no
20230109230229,https://www.nytimes.com/2023/01/09/nyregion/black-bear-hibernating-connecticut.html,no
20230223231606,https://www.nytimes.com/2023/02/23/us/politics/arizona-brnovich-election-fraud.html,no
20230203231123,https://www.nytimes.com/2023/02/03/us/politics/biden-economy-state-of-the-union.html,no
20230301083504,https://www.nytimes.com/2023/02/28/us/chicago-mayoral-election-lightfoot-vallas.html,no
20230223004353,https://www.nytimes.com/2023/02/21/us/southern-baptists-saddleback-church-women.html,no
20230118005812,https://www.nytimes.com/2023/01/17/us/hamline-lawsuit-prophet-muhammad-religion.html,no
20230128223951,https://www.nytimes.com/2023/01/28/briefing/memphis-police-tyre-nichols-beating.html,no
20230111233404,https://www.nytimes.com/2023/01/11/us/politics/jack-smith-trump-special-counsel.html,no
20230214085505,https://www.nytimes.com/2023/02/14/us/michigan-state-shooting-student-reactions.html,no
20230109230229,https://www.nytimes.com/2023/01/09/us/politics/house-rules-republicans-mccarthy.html,no
20230108215059,https://www.nytimes.com/2023/01/08/us/hamline-university-islam-prophet-muhammad.html,no
20230210162423,https://www.nytimes.com/2023/02/09/us/memphis-police-scorpion-unit-tyre-nichols.html,no
20230304025131,https://www.nytimes.com/video/us/100000008796663/california-snow-storm-stranded.html,no
20230227232943,https://www.nytimes.com/2023/02/27/us/politics/supreme-court-identity-theft-law.html,no
20230118005812,https://www.nytimes.com/2023/01/17/us/montecito-mudslide-2018-california-storms.html,no
20230223004353,https://www.nytimes.com/2023/02/22/us/politics/jared-kushner-ivanka-trump-jan-6.html,no
20230113230852,https://www.nytimes.com/2023/01/13/us/politics/justice-dept-firearm-accessories.html,no
20230202011207,https://www.nytimes.com/2023/01/31/us/memphis-officers-disciplined-tyre-nichols.html,no
20230202011207,https://www.nytimes.com/2023/02/01/us/politics/durham-barr-russia-investigation.html,no
20230111233404,https://www.nytimes.com/2023/01/11/us/politics/house-republicans-investigations.html,no
20230209202851,https://www.nytimes.com/2023/02/09/sports/football/chiefs-tomahawk-chop-protest.html,no
20230302235321,https://www.nytimes.com/2023/03/02/us/politics/daylight-savings-bill-marco-rubio.html,no
20230223004353,https://www.nytimes.com/2023/02/22/us/nipsey-hussle-killer-eric-holder-sentenced.html,no
20230219234025,https://www.nytimes.com/2023/02/19/us/chris-hinds-wheelchair-denver-city-council.html,no
20230123223641,https://www.nytimes.com/interactive/2023/01/23/us/politics/dc-debt-ceiling-burst.html,no
20230304025131,https://www.nytimes.com/2023/03/03/us/southern-california-snow-trapped-residents.html,no
20230208000929,https://www.nytimes.com/2023/02/07/us/tyre-nichols-photo-memphis-demetrius-haley.html,no
20230226213516,https://www.nytimes.com/2023/02/26/us/politics/biden-student-loans-supreme-court.html,no
20230301002957,https://www.nytimes.com/video/us/politics/100000008790972/chicago-mayor-election.html,no
20230224214523,https://www.nytimes.com/2023/02/24/briefing/ukraine-war-russia-invasion-one-year.html,no
20230218233541,https://www.nytimes.com/2023/02/18/business/starbucks-vanilla-frappuccino-recall.html,no
20230305225407,https://www.nytimes.com/2023/03/05/us/politics/larry-hogan-president-not-running.html,no
20230126010216,https://www.nytimes.com/2023/01/25/us/politics/biden-abrams-tanks-ukraine-russia.html,no
20230101222610,https://www.nytimes.com/2023/01/01/us/politics/senate-house-retiring-burr-shelby.html,no
20230210162423,https://www.nytimes.com/2023/02/10/us/jinger-duggar-vuolo-evangelical-christians.html,no
20230105215845,https://www.nytimes.com/2023/01/05/us/politics/senator-bob-casey-democrat-cancer.html,no
20230210162423,https://www.nytimes.com/2023/02/10/us/conservatives-child-care-benefits-roe-wade.html,no
20230119225736,https://www.nytimes.com/2023/01/19/us/san-francisco-homeless-woman-gallery-owner.html,no
20230122010341,https://www.nytimes.com/2023/01/21/us/politics/marines-capitol-riot-jan-6-arrest.html,no
20230101222610,https://www.nytimes.com/2022/12/31/us/coyotes-sharpshooters-nahant-massachussets.html,no
20230130235453,https://www.nytimes.com/2023/01/30/us/politics/florida-republican-sends-grenades.html,no
20230122230856,https://www.nytimes.com/2023/01/22/us/politics/kamala-harris-abortion-roe-v-wade.html,no
20230208150352,https://www.nytimes.com/2023/02/08/business/energy-environment/home-backup-power.html,no
20230108215059,https://www.nytimes.com/2023/01/08/us/politics/biden-southern-border-immigration.html,no
20230123223641,https://www.nytimes.com/2023/01/23/business/m-m-candy-controversy-tucker-carlson.html,no
20230201005443,https://www.nytimes.com/2023/01/31/us/politics/charges-haiti-moise-assassination.html,no
20230112234816,https://www.nytimes.com/2023/01/12/us/politics/unexplained-sightings-ufos-report.html,no
20230205230121,https://www.nytimes.com/2023/02/05/us/politics/koch-donors-trump-campaign-finance.html,no
20230122010341,https://www.nytimes.com/2023/01/21/us/florida-woman-shoots-terminally-ill-husband.html,no
20230105215845,https://www.nytimes.com/2023/01/05/us/politics/steve-scalise-mccarthy-alternative.html,no
20230219234025,https://www.nytimes.com/2023/02/19/us/bishop-david-oconnell-shot-hacienda-heights.html,no
20230223231606,https://www.nytimes.com/video/us/100000008784137/alex-murdaugh-murder-trial-lying.html,no
20230301002957,https://www.nytimes.com/interactive/2023/02/28/us/elections/results-chicago-mayor.html,no
20230118005812,https://www.nytimes.com/2023/01/17/us/politics/netherlands-patriot-system-ukraine.html,no
20230213213400,https://www.nytimes.com/video/us/politics/100000008769218/us-unidentified-objects.html,no
20230205230121,https://www.nytimes.com/2023/02/05/us/politics/balloon-china-spying-united-states.html,no
20230202011207,https://www.nytimes.com/2023/02/01/us/politics/trump-republicans-2024-nikki-haley.html,no
20230220195923,https://www.nytimes.com/2023/02/19/us/politics/east-palestine-toxic-chemicals-epa.html,no
20230304004441,https://www.nytimes.com/2023/03/03/us/politics/republicans-resolution-disapproval.html,no
20230127000810,https://www.nytimes.com/2023/01/26/us/politics/justice-department-ransomware-hive.html,no
20230116223949,https://www.nytimes.com/interactive/2023/01/16/us/politics/redflag-laws-explainer.html,no
20230202225423,https://www.nytimes.com/2023/02/02/us/politics/tortured-guantanamo-detainee-freed.html,no
20230202225423,https://www.nytimes.com/2023/02/02/opinion/democrats-pennsylvania-college-degrees.html,no
20230213213400,https://www.nytimes.com/2023/02/13/us/politics/architect-of-capitol-brett-blanton.html,no
20230111233404,https://www.nytimes.com/2023/01/11/us/california-sinkholes-power-outages-flooding.html,no
20230214085505,https://www.nytimes.com/2023/02/13/us/politics/republican-house-majority-divisions.html,no
20230104235859,https://www.nytimes.com/2023/01/04/us/pennsylvania-house-speaker-rozzi-independent.html,no
20230208000929,https://www.nytimes.com/2023/02/07/us/politics/biden-state-of-the-union-fact-check.html,no
20230302235321,https://www.nytimes.com/video/us/100000008793431/blinken-lavrov-ukraine-russia-g20.html,no
20230223004353,https://www.nytimes.com/2023/02/22/us/politics/supreme-court-death-penalty-arizona.html,no
20230218233541,https://www.nytimes.com/2023/02/18/us/politics/michigan-republicans-deperno-karamo.html,no
20230109230229,https://www.nytimes.com/2023/01/09/arts/music/gospel-music-praise-fest-new-orleans.html,no
20230116223949,https://www.nytimes.com/interactive/2023/01/16/us/politics/wisconsin-supreme-court.html,no
20230108215059,https://www.nytimes.com/2023/01/08/us/politics/house-republicans-fbi-investigation.html,no
20230119225736,https://www.nytimes.com/2023/01/19/us/desantis-florida-ap-african-american-studies.html,no
20230205230121,https://www.nytimes.com/2023/02/03/us/memphis-emt-suspended-preston-hemphill-fired.html,no
20230226213516,https://www.nytimes.com/2023/02/26/us/politics/china-lab-leak-coronavirus-pandemic.html,no
20230227232943,https://www.nytimes.com/2023/02/27/us/politics/chips-act-biden-commerce-department.html,no
20230208150352,https://www.nytimes.com/2023/02/08/us/politics/fact-check-biden-state-of-the-union.html,no
20230305225407,https://www.nytimes.com/video/us/100000008797470/train-derailment-springfield-ohio.html,no
20230208150352,https://www.nytimes.com/2023/02/08/us/politics/biden-state-of-the-union-transcript.html,no
20230223004353,https://www.nytimes.com/2023/02/22/us/politics/trump-criminal-investigations-status.html,no
20230127235118,https://www.nytimes.com/2023/01/27/us/hialeah-officers-charged-beating-homeless-man.html,no
20230109230229,https://www.nytimes.com/2023/01/09/climate/ozone-hole-restoration-montreal-protocol.html,no
20230124232900,https://www.nytimes.com/video/us/100000008740050/ticketmaster-bots-senate-tennessee.html,no
20230306235926,https://www.nytimes.com/2023/03/06/briefing/asian-americans-conservative-republican.html,no
20230302235321,https://www.nytimes.com/2023/03/02/us/politics/east-palestine-ohio-train-derailment.html,no
20230223004353,https://www.nytimes.com/interactive/2023/02/22/magazine/covid-pandemic-oral-history.html,no
20230205230121,https://www.nytimes.com/2023/02/05/us/politics/biden-state-of-the-union-republicans.html,no
20230202011207,https://www.nytimes.com/2023/01/31/us/governor-desantis-higher-education-chris-rufo.html,no
20230224214523,https://www.nytimes.com/2023/02/24/travel/african-american-skiers-snowboarders-vail.html,no
20230301002957,https://www.nytimes.com/video/us/politics/100000008790932/student-loan-debt-college.html,no
20230203231123,https://www.nytimes.com/video/us/politics/100000008755455/blinken-china-spy-balloon.html,no
20230304004441,https://www.nytimes.com/video/us/politics/100000008796335/biden-germany-ukraine-war.html,no
20230302235321,https://www.nytimes.com/2023/03/02/us/college-park-mayor-resigns-child-sexual-abuse.html,no
20230208000929,https://www.nytimes.com/2023/02/07/arts/music/new-york-philharmonic-gustavo-dudamel.html,no
20230105215845,https://www.nytimes.com/2023/01/05/us/politics/house-clerk-in-charge-cheryl-johnson.html,no
20230116223949,https://www.nytimes.com/2023/01/15/us/california-storm-areas-los-angeles-santa-cruz.html,no
20230205230121,https://www.nytimes.com/2023/02/05/briefing/menopause-women-science-hormone-therapy.html,no
20230225031439,https://www.nytimes.com/2023/02/24/us/politics/cia-torture-guantanamo-nashiri-doctor.html,no
20230108001533,https://www.nytimes.com/2023/01/07/us/jesse-white-illinois-secretary-of-state-retire.html,no
20230112234816,https://www.nytimes.com/video/us/100000008725698/tornado-alabama-georgia-mississippi.html,no
20230213213400,https://www.nytimes.com/2023/02/13/us/ap-black-studies-course-college-board-desantis.html,no
20230223004353,https://www.nytimes.com/2023/02/22/us/politics/ohio-train-derailment-farms-chemicals.html,no
20230127000810,https://www.nytimes.com/interactive/2023/01/26/us/memphis-police-officer-indictments.html,no
20230126010216,https://www.nytimes.com/2023/01/25/technology/trump-facebook-instagram-accounts-meta.html,no
20230124232900,https://www.nytimes.com/2023/01/24/us/politics/biden-trump-documents-special-counsel.html,no
20230113230852,https://www.nytimes.com/2023/01/13/us/politics/how-classified-information-is-handled.html,no
20230211214821,https://www.nytimes.com/2023/02/11/us/wisconsin-tribe-lac-du-flambeau-road-blockades.html,no
20230205230121,https://www.nytimes.com/2023/02/05/travel/8-black-history-sites-in-the-united-states.html,no
20230209202851,https://www.nytimes.com/2023/02/09/us/florida-college-board-african-american-studies.html,no
20230130235453,https://www.nytimes.com/2023/01/30/us/politics/biden-infrastructure-tunnel-baltimore.html,no
20230110220501,https://www.nytimes.com/video/us/politics/100000008721515/biden-north-american-summit.html,no
20230224214523,https://www.nytimes.com/2023/02/24/us/monterey-park-shooting-ballroom-dance-community.html,no
20230123223641,https://www.nytimes.com/2023/01/23/us/politics/richard-barnett-pelosi-jan-6-convicted.html,no
20230110220501,https://www.nytimes.com/interactive/2023/01/10/us/california-storms-video-photos-maps.html,no
20230113230852,https://www.nytimes.com/2023/01/13/us/politics/presidents-prosecutors-special-counsel.html,no
20230108001533,https://www.nytimes.com/video/us/politics/100000008717992/mccarthy-wins-house-speaker.html,no
20230220195923,https://www.nytimes.com/2023/02/20/us/politics/chris-sununu-republican-president-2024.html,no
20230202225423,https://www.nytimes.com/2023/02/02/us/politics/ilhan-omar-house-committee-republicans.html,no
20230304025131,https://www.nytimes.com/2023/03/03/us/airport-evacuation-suspicious-item-pennsylvania.html,no
20230127000810,https://www.nytimes.com/2023/01/26/us/tyre-nichols-memphis-police-officers-indictments.html,no
20230306235926,https://www.nytimes.com/2023/03/06/us/politics/starbucks-bernie-sanders-howard-schultz.html,no
20230123223641,https://www.nytimes.com/2023/01/23/us/bowling-green-state-university-hazing-settlement.html,no
20230127235118,https://www.nytimes.com/2023/01/27/us/politics-republicans-democrats-state-legislature.html,no
20230104235859,https://www.nytimes.com/2023/01/04/us/rick-singer-sentenced-college-admissions-scandal.html,no
20230109230229,https://www.nytimes.com/2023/01/09/us/politics/supreme-court-attorney-client-privilege.html,no
20230108001533,https://www.nytimes.com/2023/01/07/us/politics/speaker-election-debt-limit-republicans.html,no
20230216002517,https://www.nytimes.com/2023/02/15/us/severe-storms-could-bring-tornadoes-to-the-south.html,no
20230116223949,https://www.nytimes.com/2023/01/16/us/politics/biden-visitor-logs-classified-documents.html,no
20230219234025,https://www.nytimes.com/2023/02/19/world/americas/colombia-venezuela-migrants-refugees.html,no
20230123223641,https://www.nytimes.com/2023/01/23/climate/environmental-protection-agency-epa-funding.html,no
20230112234816,https://www.nytimes.com/interactive/2023/01/12/us/politics/biden-trump-classified-docs.html,no
20230118232854,https://www.nytimes.com/2023/01/18/us/politics/russian-citizen-bitzlato-cryptocurrency.html,no
20230223231606,https://www.nytimes.com/video/us/100000008783950/orange-county-florida-shooting-victims.html,no
20230201005443,https://www.nytimes.com/2023/01/31/us/politics/biden-hudson-gateway-penn-station-amtrak.html,no
20230119225736,https://www.nytimes.com/2023/01/19/us/politics/state-department-times-new-roman-calibri.html,no
20230305225407,https://www.nytimes.com/2023/03/05/us/politics/house-republicans-budget-travel-campaign.html,no
20230108001533,https://www.nytimes.com/2023/01/07/us/politics/kevin-mccarthy-house-speaker-gaetz-trump.html,no
20230106104657,https://www.nytimes.com/2023/01/05/us/politics/judge-trump-documents-justice-department.html,no
20230216002517,https://www.nytimes.com/2023/02/15/us/california-monterey-park-shooting-dance-community.html,no
20230202011207,https://www.nytimes.com/2023/02/01/us/ben-crump-tyre-nichols-george-floyd-breonna-taylor.html,no
20230212225258,https://www.nytimes.com/interactive/2023/02/12/upshot/child-maternal-mortality-rich-poor.html,no
20230208000929,https://www.nytimes.com/2023/02/07/us/politics/house-republicans-constitution-patriotism.html,no
20230216165854,https://www.nytimes.com/interactive/2023/02/16/us/georgia-trump-special-grand-jury-report.html,no
20230127235118,https://www.nytimes.com/2023/01/27/us/politics/classified-info-congress-pence-trump-biden.html,no
20230106104657,https://www.nytimes.com/2023/01/05/us/politics/house-republican-holdouts-mccarthy-speaker.html,no
20230212225258,https://www.nytimes.com/2023/02/11/us/politics/unidentified-object-canada-alaska-pentagon.html,no
20230108215059,https://www.nytimes.com/2023/01/08/arts/music/cage-the-elephant-singer-matt-schultz-arrest.html,no
20230126010216,https://www.nytimes.com/2023/01/25/us/dana-ireland-albert-ian-schweitzer-murder-conviction.html,no
20230116223949,https://www.nytimes.com/2023/01/16/technology/chatgpt-artificial-intelligence-universities.html,no
20230218000337,https://www.nytimes.com/2023/02/17/us/middle-eastern-north-african-race-survey-photo-video.html,no
20230227232943,https://www.nytimes.com/2023/02/27/world/americas/andres-manuel-lopez-obrador-mexico-aluxe.html,no
20230127235118,https://www.nytimes.com/2023/01/27/us/politics/national-archives-bush-classified-documents.html,no
20230114234207,https://www.nytimes.com/2023/01/14/us/politics/biden-vice-president-documents-investigation.html,no
20230208150352,https://www.nytimes.com/2023/02/08/health/lindsay-clancy-child-murder-charges-massachusetts.html,no
20230226213516,https://www.nytimes.com/2023/02/26/us/politics/marianne-williamson-2024-presidential-campaign.html,no
20230212225258,https://www.nytimes.com/2023/02/12/us/politics/jack-smith-special-counsel-trump-investigations.html,no
20230210162423,https://www.nytimes.com/interactive/2023/02/10/us/politics/disability-schools-informal-removal.html,no
20230114234207,https://www.nytimes.com/2023/01/14/us/whiteouts-landslides-and-floods-cut-off-california-roads.html,no
20230126010216,https://www.nytimes.com/2023/01/25/us/newport-news-shooting-teacher-superintendent-school-board.html,no
20230201005443,https://www.nytimes.com/2023/01/31/us/politics/house-covid-republicans-pandemic-vaccine-mandate.html,no
20230127235118,https://www.nytimes.com/2023/01/27/us/politics/brian-sicknick-julian-khater-george-tanios-jan-6.html,no
20230304004441,https://www.nytimes.com/2023/03/03/us/politics/medal-of-honor-black-vietnam-veteran-paris-davis.html,no
20230202011207,https://www.nytimes.com/2023/02/01/us/college-board-advanced-placement-african-american-studies.html,no
20230213213400,https://www.nytimes.com/2023/02/13/sports/basketball/shot-clock-high-school-basketball-oklahoma.html,no
20230104235859,https://www.nytimes.com/2023/01/04/us/politics/patty-murray-president-pro-tempore-senate-speaker.html,no
20230213213400,https://www.nytimes.com/2023/02/13/business/energy-environment/ford-catl-electric-vehicle-battery.html,no
20230218000337,https://www.nytimes.com/2023/02/17/business/energy-environment/norfolk-southern-derailment-safety.html,no
20230101222610,https://www.nytimes.com/2023/01/01/us/in-a-small-arkansas-city-crime-dread-and-an-emergency-curfew.html,no
20230220195923,https://www.nytimes.com/2023/02/20/us/evangelical-leaders-progressive-jim-wallis-kyle-meyaard-schaap.html,no
20230211214821,https://www.nytimes.com/2023/02/11/business/have-you-noticed-more-bad-ads-online-we-want-to-see-them.html,no
20230301002957,https://www.nytimes.com/interactive/2023/02/28/us/elections/results-illinois-chicago-municipal-election.html,no
20230114234207,https://www.nytimes.com/2023/01/13/us/a-conversation-with-sam-liccardo-who-led-san-jose-for-eight-years.html,no
20230301002957,https://www.nytimes.com/2023/02/28/us/politics/ukraine-congress-military-spending-republicans-democrats.html,no
20230218233541,https://www.nytimes.com/video/world/europe/100000008777515/kamala-harris-crimes-against-humanity-russia.html,no
20230127000810,https://www.nytimes.com/2023/01/26/technology/federal-court-blocks-california-medical-misinformation-law.html,no
20230302235321,https://www.nytimes.com/live/2023/03/02/us/alex-murdaugh-trial-verdict/alex-murdaugh-defense-closing-arguments,no
20230103175524,https://www.nytimes.com/2023/01/02/us/after-boycott-from-law-schools-us-news-world-report-changes-ranking-system.html,no
20230110220501,https://www.nytimes.com/2023/01/10/us/an-ailing-arkansas-city-elected-an-18-year-old-mayor-to-turn-things-around.html,no
20230105215845,https://www.nytimes.com/2023/01/05/us/south-carolina-constitution-includes-abortion-right-state-supreme-court-rules.html,no
