20221231162505,http://web.archive.org/web/20221231162505/https://www.washingtonpost.com/national/,no
20230104184936,http://web.archive.org/web/20230104184936/https://www.washingtonpost.com/national/,no
20230106132922,http://web.archive.org/web/20230106132922/https://www.washingtonpost.com/national/,no
20230106192911,http://web.archive.org/web/20230106192911/https://www.washingtonpost.com/national/,no
20230108073013,http://web.archive.org/web/20230108073013/https://www.washingtonpost.com/national/,no
20230117005304,http://web.archive.org/web/20230117005304/https://www.washingtonpost.com/national/,no
20230119160505,http://web.archive.org/web/20230119160505/https://www.washingtonpost.com/national/,no
20230126183435,http://web.archive.org/web/20230126183435/https://www.washingtonpost.com/national/,no
20230127094507,http://web.archive.org/web/20230127094507/https://www.washingtonpost.com/national/,no
20230202192443,http://web.archive.org/web/20230202192443/https://www.washingtonpost.com/national/,no
20230206212905,http://web.archive.org/web/20230206212905/https://www.washingtonpost.com/national/,no
20230212154132,http://web.archive.org/web/20230212154132/https://www.washingtonpost.com/national/,no
20230214171657,http://web.archive.org/web/20230214171657/https://www.washingtonpost.com/national/,no
20230223141405,http://web.archive.org/web/20230223141405/https://www.washingtonpost.com/national/,no
20230226201954,http://web.archive.org/web/20230226201954/https://www.washingtonpost.com/national/,no
20230306013526,http://web.archive.org/web/20230306013526/https://www.washingtonpost.com/national/,no
20230306093327,http://web.archive.org/web/20230306093327/https://www.washingtonpost.com/national/,no
20230314172027,http://web.archive.org/web/20230314172027/https://www.washingtonpost.com/national/,no
20230314225241,http://web.archive.org/web/20230314225241/https://www.washingtonpost.com/national/,no
20230320064234,http://web.archive.org/web/20230320064234/https://www.washingtonpost.com/national/,no
20230320064248,http://web.archive.org/web/20230320064248/https://www.washingtonpost.com/national/,no
20230322210629,http://web.archive.org/web/20230322210629/https://www.washingtonpost.com/national/,no
20230322211054,http://web.archive.org/web/20230322211054/https://www.washingtonpost.com/national/,no
20230323194041,http://web.archive.org/web/20230323194041/https://www.washingtonpost.com/national/,no
20230326052212,http://web.archive.org/web/20230326052212/https://www.washingtonpost.com/national/,no
20230329102349,http://web.archive.org/web/20230329102349/https://www.washingtonpost.com/national/,no
20230330094253,http://web.archive.org/web/20230330094253/https://www.washingtonpost.com/national/,no
20230409013708,http://web.archive.org/web/20230409013708/https://www.washingtonpost.com/national/,no
20230409013858,http://web.archive.org/web/20230409013858/https://www.washingtonpost.com/national/,no
20230413073202,http://web.archive.org/web/20230413073202/https://www.washingtonpost.com/national/,no
20230419070708,http://web.archive.org/web/20230419070708/https://www.washingtonpost.com/national/,no
20230503170247,http://web.archive.org/web/20230503170247/https://www.washingtonpost.com/national/,no
20230505021632,http://web.archive.org/web/20230505021632/https://www.washingtonpost.com/national/,no
20230509052430,http://web.archive.org/web/20230509052430/https://www.washingtonpost.com/national/,no
20230513005707,http://web.archive.org/web/20230513005707/https://www.washingtonpost.com/national/,no
20230519125240,http://web.archive.org/web/20230519125240/https://www.washingtonpost.com/national/,no
20230519230904,http://web.archive.org/web/20230519230904/https://www.washingtonpost.com/national/,no
20230527171550,http://web.archive.org/web/20230527171550/https://www.washingtonpost.com/national/,no
20230531042228,http://web.archive.org/web/20230531042228/https://www.washingtonpost.com/national/,no
20230603221559,http://web.archive.org/web/20230603221559/https://www.washingtonpost.com/national/,no
20230604140855,http://web.archive.org/web/20230604140855/https://www.washingtonpost.com/national/,no
20230606183352,http://web.archive.org/web/20230606183352/https://www.washingtonpost.com/national/,no
20230611024332,http://web.archive.org/web/20230611024332/https://www.washingtonpost.com/national/,no
20230611161656,http://web.archive.org/web/20230611161656/https://www.washingtonpost.com/national/,no
20230613190342,http://web.archive.org/web/20230613190342/https://www.washingtonpost.com/national/,no
20230626004753,http://web.archive.org/web/20230626004753/https://www.washingtonpost.com/national/,no
20230626093500,http://web.archive.org/web/20230626093500/https://www.washingtonpost.com/national/,no
20230701162149,http://web.archive.org/web/20230701162149/https://www.washingtonpost.com/national/,no
20230708150858,http://web.archive.org/web/20230708150858/https://www.washingtonpost.com/national/,no
20230708151131,http://web.archive.org/web/20230708151131/https://www.washingtonpost.com/national/,no
20230713054516,http://web.archive.org/web/20230713054516/https://www.washingtonpost.com/national/,no
20230713054622,http://web.archive.org/web/20230713054622/https://www.washingtonpost.com/national/,no
20230801220557,http://web.archive.org/web/20230801220557/https://www.washingtonpost.com/national/,no
20230802140718,http://web.archive.org/web/20230802140718/https://www.washingtonpost.com/national/,no
20230804161554,http://web.archive.org/web/20230804161554/https://www.washingtonpost.com/national/,no
20230812191654,http://web.archive.org/web/20230812191654/https://www.washingtonpost.com/national/,no
20230814032854,http://web.archive.org/web/20230814032854/https://www.washingtonpost.com/national/,no
20230814182859,http://web.archive.org/web/20230814182859/https://www.washingtonpost.com/national/,no
20230816092318,http://web.archive.org/web/20230816092318/https://www.washingtonpost.com/national/,no
20230823155028,http://web.archive.org/web/20230823155028/https://www.washingtonpost.com/national/,no
20230903022432,http://web.archive.org/web/20230903022432/https://www.washingtonpost.com/national/,no
20230920012207,http://web.archive.org/web/20230920012207/https://www.washingtonpost.com/national/,no
20231008185048,http://web.archive.org/web/20231008185048/https://www.washingtonpost.com/national/,no
20231008185903,http://web.archive.org/web/20231008185903/https://www.washingtonpost.com/national/,no
20231012194927,http://web.archive.org/web/20231012194927/https://www.washingtonpost.com/national/,no
20231013045608,http://web.archive.org/web/20231013045608/https://www.washingtonpost.com/national/,no
20231013202125,http://web.archive.org/web/20231013202125/https://www.washingtonpost.com/national/,no
20231029141907,http://web.archive.org/web/20231029141907/https://www.washingtonpost.com/national/,no
20231114192438,http://web.archive.org/web/20231114192438/https://www.washingtonpost.com/national/,no
20231116193554,http://web.archive.org/web/20231116193554/https://www.washingtonpost.com/national/,no
20231117050210,http://web.archive.org/web/20231117050210/https://www.washingtonpost.com/national/,no
20231206202546,http://web.archive.org/web/20231206202546/https://www.washingtonpost.com/national/,no
20231223142417,http://web.archive.org/web/20231223142417/https://www.washingtonpost.com/national/,no
20240104200358,http://web.archive.org/web/20240104200358/https://www.washingtonpost.com/national/,no
