20230101193441,http://web.archive.org/web/20230101193441/https://www.washingtontimes.com/news/national/
20230102194835,http://web.archive.org/web/20230102194835/https://www.washingtontimes.com/news/national/
20230103201130,http://web.archive.org/web/20230103201130/https://www.washingtontimes.com/news/national/
20230104195944,http://web.archive.org/web/20230104195944/https://www.washingtontimes.com/news/national/
20230105210728,http://web.archive.org/web/20230105210728/https://www.washingtontimes.com/news/national/
20230106213923,http://web.archive.org/web/20230106213923/https://www.washingtontimes.com/news/national/
20230107221151,http://web.archive.org/web/20230107221151/https://www.washingtontimes.com/news/national/
20230108223018,http://web.archive.org/web/20230108223018/https://www.washingtontimes.com/news/national/
20230109225826,http://web.archive.org/web/20230109225826/https://www.washingtontimes.com/news/national/
20230110232920,http://web.archive.org/web/20230110232920/https://www.washingtontimes.com/news/national/
20230111234235,http://web.archive.org/web/20230111234235/https://www.washingtontimes.com/news/national/
20230113002317,http://web.archive.org/web/20230113002317/https://www.washingtontimes.com/news/national/
20230114005143,http://web.archive.org/web/20230114005143/https://www.washingtontimes.com/news/national/
20230115010813,http://web.archive.org/web/20230115010813/https://www.washingtontimes.com/news/national/
20230116011722,http://web.archive.org/web/20230116011722/https://www.washingtontimes.com/news/national/
20230116161753,http://web.archive.org/web/20230116161753/https://www.washingtontimes.com/news/national/
20230119055757,http://web.archive.org/web/20230119055757/https://www.washingtontimes.com/news/national/
20230119190407,http://web.archive.org/web/20230119190407/https://www.washingtontimes.com/news/national/
20230120192642,http://web.archive.org/web/20230120192642/https://www.washingtontimes.com/news/national/
20230123051741,http://web.archive.org/web/20230123051741/https://www.washingtontimes.com/news/national/
20230127033434,http://web.archive.org/web/20230127033434/https://www.washingtontimes.com/news/national/
20230127233005,http://web.archive.org/web/20230127233005/https://www.washingtontimes.com/news/national/
20230130190135,http://web.archive.org/web/20230130190135/https://www.washingtontimes.com/news/national/
20230131194640,http://web.archive.org/web/20230131194640/https://www.washingtontimes.com/news/national/
20230202190447,http://web.archive.org/web/20230202190447/https://www.washingtontimes.com/news/national/
20230203200041,http://web.archive.org/web/20230203200041/https://www.washingtontimes.com/news/national/
20230204202330,http://web.archive.org/web/20230204202330/https://www.washingtontimes.com/news/national/
20230205225943,http://web.archive.org/web/20230205225943/https://www.washingtontimes.com/news/national/
20230207002851,http://web.archive.org/web/20230207002851/https://www.washingtontimes.com/news/national/
20230208011847,http://web.archive.org/web/20230208011847/https://www.washingtontimes.com/news/national/
20230209180522,http://web.archive.org/web/20230209180522/https://www.washingtontimes.com/news/national/
20230211021803,http://web.archive.org/web/20230211021803/https://www.washingtontimes.com/news/national/
20230212023238,http://web.archive.org/web/20230212023238/https://www.washingtontimes.com/news/national/
20230213081328,http://web.archive.org/web/20230213081328/https://www.washingtontimes.com/news/national/
20230215014815,http://web.archive.org/web/20230215014815/https://www.washingtontimes.com/news/national/
20230216010838,http://web.archive.org/web/20230216010838/https://www.washingtontimes.com/news/national/
20230217020846,http://web.archive.org/web/20230217020846/https://www.washingtontimes.com/news/national/
20230218025420,http://web.archive.org/web/20230218025420/https://www.washingtontimes.com/news/national/
20230220033918,http://web.archive.org/web/20230220033918/https://www.washingtontimes.com/news/national/
20230221040111,http://web.archive.org/web/20230221040111/https://www.washingtontimes.com/news/national/
20230222041118,http://web.archive.org/web/20230222041118/https://www.washingtontimes.com/news/national/
20230223022703,http://web.archive.org/web/20230223022703/https://www.washingtontimes.com/news/national/
20230225035351,http://web.archive.org/web/20230225035351/https://www.washingtontimes.com/news/national/
20230226040532,http://web.archive.org/web/20230226040532/https://www.washingtontimes.com/news/national/
20230227045408,http://web.archive.org/web/20230227045408/https://www.washingtontimes.com/news/national/
20230228051517,http://web.archive.org/web/20230228051517/https://www.washingtontimes.com/news/national/
20230301033448,http://web.archive.org/web/20230301033448/https://www.washingtontimes.com/news/national/
20230302035542,http://web.archive.org/web/20230302035542/https://www.washingtontimes.com/news/national/
20230303044202,http://web.archive.org/web/20230303044202/https://www.washingtontimes.com/news/national/
20230305052434,http://web.archive.org/web/20230305052434/https://www.washingtontimes.com/news/national/
20230305212908,http://web.archive.org/web/20230305212908/https://www.washingtontimes.com/news/national/
20230307065618,http://web.archive.org/web/20230307065618/https://www.washingtontimes.com/news/national/
20230308072424,http://web.archive.org/web/20230308072424/https://www.washingtontimes.com/news/national/
20230309075912,http://web.archive.org/web/20230309075912/https://www.washingtontimes.com/news/national/
20230310081236,http://web.archive.org/web/20230310081236/https://www.washingtontimes.com/news/national/
20230312101159,http://web.archive.org/web/20230312101159/https://www.washingtontimes.com/news/national/
20230313102359,http://web.archive.org/web/20230313102359/https://www.washingtontimes.com/news/national/
20230314110137,http://web.archive.org/web/20230314110137/https://www.washingtontimes.com/news/national/
20230314172018,http://web.archive.org/web/20230314172018/https://www.washingtontimes.com/news/national/
20230315125716,http://web.archive.org/web/20230315125716/https://www.washingtontimes.com:443/news/national/
20230316121231,http://web.archive.org/web/20230316121231/https://www.washingtontimes.com/news/national/
20230317124745,http://web.archive.org/web/20230317124745/https://www.washingtontimes.com/news/national/
20230318130312,http://web.archive.org/web/20230318130312/https://www.washingtontimes.com/news/national/
20230319134140,http://web.archive.org/web/20230319134140/https://www.washingtontimes.com/news/national/
20230320140530,http://web.archive.org/web/20230320140530/https://www.washingtontimes.com/news/national/
20230322034801,http://web.archive.org/web/20230322034801/https://www.washingtontimes.com/news/national/
20230322203215,http://web.archive.org/web/20230322203215/https://www.washingtontimes.com/news/national/
20230324020343,http://web.archive.org/web/20230324020343/https://www.washingtontimes.com/news/national/
20230324223613,http://web.archive.org/web/20230324223613/https://www.washingtontimes.com/news/national/
20230328023659,http://web.archive.org/web/20230328023659/https://www.washingtontimes.com/news/national/
20230329183901,http://web.archive.org/web/20230329183901/https://www.washingtontimes.com/news/national/
20230330191755,http://web.archive.org/web/20230330191755/https://www.washingtontimes.com/news/national/
20230331181702,http://web.archive.org/web/20230331181702/https://www.washingtontimes.com/news/national/
20230401184838,http://web.archive.org/web/20230401184838/https://www.washingtontimes.com/news/national/
20230402190559,http://web.archive.org/web/20230402190559/https://www.washingtontimes.com/news/national/
20230403172403,http://web.archive.org/web/20230403172403/https://www.washingtontimes.com/news/national/
20230404180903,http://web.archive.org/web/20230404180903/https://www.washingtontimes.com/news/national/
20230405212645,http://web.archive.org/web/20230405212645/https://www.washingtontimes.com/news/national/
20230406221409,http://web.archive.org/web/20230406221409/https://www.washingtontimes.com/news/national/
20230407223412,http://web.archive.org/web/20230407223412/https://www.washingtontimes.com/news/national/
20230408205219,http://web.archive.org/web/20230408205219/https://www.washingtontimes.com/news/national/
20230409213902,http://web.archive.org/web/20230409213902/https://www.washingtontimes.com/news/national/
20230411013207,http://web.archive.org/web/20230411013207/https://www.washingtontimes.com/news/national/
20230411203612,http://web.archive.org/web/20230411203612/https://www.washingtontimes.com/news/national/
20230413185135,http://web.archive.org/web/20230413185135/https://www.washingtontimes.com/news/national/
20230414193632,http://web.archive.org/web/20230414193632/https://www.washingtontimes.com/news/national/
20230415202925,http://web.archive.org/web/20230415202925/https://www.washingtontimes.com/news/national/
20230416210010,http://web.archive.org/web/20230416210010/https://www.washingtontimes.com/news/national/
20230417194927,http://web.archive.org/web/20230417194927/https://www.washingtontimes.com/news/national/
20230418201351,http://web.archive.org/web/20230418201351/https://www.washingtontimes.com/news/national/
20230419184710,http://web.archive.org/web/20230419184710/https://www.washingtontimes.com/news/national/
20230420192231,http://web.archive.org/web/20230420192231/https://www.washingtontimes.com/news/national/
20230421202942,http://web.archive.org/web/20230421202942/https://www.washingtontimes.com/news/national/
20230422204938,http://web.archive.org/web/20230422204938/https://www.washingtontimes.com/news/national/
20230423211630,http://web.archive.org/web/20230423211630/https://www.washingtontimes.com/news/national/
20230424214043,http://web.archive.org/web/20230424214043/https://www.washingtontimes.com/news/national/
20230425200307,http://web.archive.org/web/20230425200307/https://www.washingtontimes.com/news/national/
20230426201225,http://web.archive.org/web/20230426201225/https://www.washingtontimes.com/news/national/
20230427210228,http://web.archive.org/web/20230427210228/https://www.washingtontimes.com/news/national/
20230428213055,http://web.archive.org/web/20230428213055/https://www.washingtontimes.com/news/national/
20230429221510,http://web.archive.org/web/20230429221510/https://www.washingtontimes.com/news/national/
20230430225522,http://web.archive.org/web/20230430225522/https://www.washingtontimes.com/news/national/
20230501234238,http://web.archive.org/web/20230501234238/https://www.washingtontimes.com/news/national/
20230503002559,http://web.archive.org/web/20230503002559/https://www.washingtontimes.com/news/national/
20230504005925,http://web.archive.org/web/20230504005925/https://www.washingtontimes.com/news/national/
20230505020507,http://web.archive.org/web/20230505020507/https://www.washingtontimes.com/news/national/
20230506033115,http://web.archive.org/web/20230506033115/https://www.washingtontimes.com/news/national/
20230508070624,http://web.archive.org/web/20230508070624/https://www.washingtontimes.com/news/national/
20230509084545,http://web.archive.org/web/20230509084545/https://www.washingtontimes.com/news/national/
20230510100450,http://web.archive.org/web/20230510100450/https://www.washingtontimes.com/news/national/
20230511113725,http://web.archive.org/web/20230511113725/https://www.washingtontimes.com/news/national/
20230512121816,http://web.archive.org/web/20230512121816/https://www.washingtontimes.com/news/national/
20230514131550,http://web.archive.org/web/20230514131550/https://www.washingtontimes.com/news/national/
20230515135142,http://web.archive.org/web/20230515135142/https://www.washingtontimes.com/news/national/
20230516143225,http://web.archive.org/web/20230516143225/https://www.washingtontimes.com/news/national/
20230517173603,http://web.archive.org/web/20230517173603/https://www.washingtontimes.com/news/national/
20230518132728,http://web.archive.org/web/20230518132728/https://www.washingtontimes.com/news/national/
20230519150810,http://web.archive.org/web/20230519150810/https://www.washingtontimes.com/news/national/
20230520153143,http://web.archive.org/web/20230520153143/https://www.washingtontimes.com/news/national/
20230521212031,http://web.archive.org/web/20230521212031/https://www.washingtontimes.com/news/national/
20230522223122,http://web.archive.org/web/20230522223122/https://www.washingtontimes.com/news/national/
20230523234845,http://web.archive.org/web/20230523234845/https://www.washingtontimes.com/news/national/
20230524223544,http://web.archive.org/web/20230524223544/https://www.washingtontimes.com/news/national/
20230526001653,http://web.archive.org/web/20230526001653/https://www.washingtontimes.com/news/national/
20230527005131,http://web.archive.org/web/20230527005131/https://www.washingtontimes.com/news/national/
20230528053507,http://web.archive.org/web/20230528053507/https://www.washingtontimes.com/news/national/
20230529065740,http://web.archive.org/web/20230529065740/https://www.washingtontimes.com/news/national/
20230530070118,http://web.archive.org/web/20230530070118/https://www.washingtontimes.com/news/national/
20230531080241,http://web.archive.org/web/20230531080241/https://www.washingtontimes.com/news/national/
20230601082118,http://web.archive.org/web/20230601082118/https://www.washingtontimes.com/news/national/
20230602085818,http://web.archive.org/web/20230602085818/https://www.washingtontimes.com/news/national/
20230603093445,http://web.archive.org/web/20230603093445/https://www.washingtontimes.com/news/national/
20230604103900,http://web.archive.org/web/20230604103900/https://www.washingtontimes.com/news/national/
20230604180648,http://web.archive.org/web/20230604180648/https://www.washingtontimes.com/news/national/
20230606113846,http://web.archive.org/web/20230606113846/https://www.washingtontimes.com/news/national/
20230607124328,http://web.archive.org/web/20230607124328/https://www.washingtontimes.com/news/national/
20230608135305,http://web.archive.org/web/20230608135305/https://www.washingtontimes.com/news/national/
20230609154645,http://web.archive.org/web/20230609154645/https://www.washingtontimes.com/news/national/
20230610170424,http://web.archive.org/web/20230610170424/https://www.washingtontimes.com/news/national/
20230611181424,http://web.archive.org/web/20230611181424/https://www.washingtontimes.com/news/national/
20230612174721,http://web.archive.org/web/20230612174721/https://www.washingtontimes.com/news/national/
20230613182713,http://web.archive.org/web/20230613182713/https://www.washingtontimes.com/news/national/
20230614190427,http://web.archive.org/web/20230614190427/https://www.washingtontimes.com/news/national/
20230615204009,http://web.archive.org/web/20230615204009/https://www.washingtontimes.com/news/national/
20230616210839,http://web.archive.org/web/20230616210839/https://www.washingtontimes.com/news/national/
20230617214854,http://web.archive.org/web/20230617214854/https://www.washingtontimes.com/news/national/
20230619001431,http://web.archive.org/web/20230619001431/https://www.washingtontimes.com/news/national/
20230626063340,http://web.archive.org/web/20230626063340/https://www.washingtontimes.com/news/national/
20230701012132,http://web.archive.org/web/20230701012132/https://www.washingtontimes.com/news/national/
20230706025243,http://web.archive.org/web/20230706025243/https://www.washingtontimes.com/news/national/
20230710024242,http://web.archive.org/web/20230710024242/https://www.washingtontimes.com/news/national/
20230713211322,http://web.archive.org/web/20230713211322/https://www.washingtontimes.com/news/national/
20230715072428,http://web.archive.org/web/20230715072428/https://www.washingtontimes.com/news/national/
20230716091659,http://web.archive.org/web/20230716091659/https://www.washingtontimes.com/news/national/
20230716181150,http://web.archive.org/web/20230716181150/https://www.washingtontimes.com/news/national/
20230718100928,http://web.archive.org/web/20230718100928/https://www.washingtontimes.com/news/national/
20230719102729,http://web.archive.org/web/20230719102729/https://www.washingtontimes.com/news/national/
20230720002332,http://web.archive.org/web/20230720002332/https://www.washingtontimes.com/news/national/
20230720223906,http://web.archive.org/web/20230720223906/https://www.washingtontimes.com/news/national/
20230721132006,http://web.archive.org/web/20230721132006/https://www.washingtontimes.com/news/national/
20230722142730,http://web.archive.org/web/20230722142730/https://www.washingtontimes.com/news/national/
20230723145153,http://web.archive.org/web/20230723145153/https://www.washingtontimes.com/news/national/
20230724153551,http://web.archive.org/web/20230724153551/https://www.washingtontimes.com/news/national/
20230725162441,http://web.archive.org/web/20230725162441/https://www.washingtontimes.com/news/national/
20230726221603,http://web.archive.org/web/20230726221603/https://www.washingtontimes.com/news/national/
20230727173922,http://web.archive.org/web/20230727173922/https://www.washingtontimes.com/news/national/
20230728185545,http://web.archive.org/web/20230728185545/https://www.washingtontimes.com/news/national/
20230729194317,http://web.archive.org/web/20230729194317/https://www.washingtontimes.com/news/national/
20230801011103,http://web.archive.org/web/20230801011103/https://www.washingtontimes.com/news/national/
20230801212759,http://web.archive.org/web/20230801212759/https://www.washingtontimes.com/news/national/
20230802222829,http://web.archive.org/web/20230802222829/https://www.washingtontimes.com/news/national/
20230803231353,http://web.archive.org/web/20230803231353/https://www.washingtontimes.com/news/national/
20230804234119,http://web.archive.org/web/20230804234119/https://www.washingtontimes.com/news/national/
20230806024757,http://web.archive.org/web/20230806024757/https://www.washingtontimes.com/news/national/
20230807030526,http://web.archive.org/web/20230807030526/https://www.washingtontimes.com/news/national/
20230808064146,http://web.archive.org/web/20230808064146/https://www.washingtontimes.com/news/national/
20230809074522,http://web.archive.org/web/20230809074522/https://www.washingtontimes.com/news/national/
20230811102631,http://web.archive.org/web/20230811102631/https://www.washingtontimes.com/news/national/
20230812111059,http://web.archive.org/web/20230812111059/https://www.washingtontimes.com/news/national/
20230813121103,http://web.archive.org/web/20230813121103/https://www.washingtontimes.com/news/national/
20230814123557,http://web.archive.org/web/20230814123557/https://www.washingtontimes.com/news/national/
20230815135955,http://web.archive.org/web/20230815135955/https://www.washingtontimes.com/news/national/
20230816140848,http://web.archive.org/web/20230816140848/https://www.washingtontimes.com/news/national/
20230817144216,http://web.archive.org/web/20230817144216/https://www.washingtontimes.com/news/national/
20230818162716,http://web.archive.org/web/20230818162716/https://www.washingtontimes.com/news/national/
20230819164434,http://web.archive.org/web/20230819164434/https://www.washingtontimes.com/news/national/
20230820180644,http://web.archive.org/web/20230820180644/https://www.washingtontimes.com/news/national/
20230821191736,http://web.archive.org/web/20230821191736/https://www.washingtontimes.com/news/national/
20230822174835,http://web.archive.org/web/20230822174835/https://www.washingtontimes.com/news/national/
20230823183227,http://web.archive.org/web/20230823183227/https://www.washingtontimes.com/news/national/
20230824202312,http://web.archive.org/web/20230824202312/https://www.washingtontimes.com/news/national/
20230825204613,http://web.archive.org/web/20230825204613/https://www.washingtontimes.com/news/national/
20230827193226,http://web.archive.org/web/20230827193226/https://www.washingtontimes.com/news/national/
20230828203004,http://web.archive.org/web/20230828203004/https://www.washingtontimes.com/news/national/
20230829211650,http://web.archive.org/web/20230829211650/https://www.washingtontimes.com/news/national/
20230830215433,http://web.archive.org/web/20230830215433/https://www.washingtontimes.com/news/national/
20230831223117,http://web.archive.org/web/20230831223117/https://www.washingtontimes.com/news/national/
20230902011304,http://web.archive.org/web/20230902011304/https://www.washingtontimes.com/news/national/
20230904010133,http://web.archive.org/web/20230904010133/https://www.washingtontimes.com/news/national/
20230904232040,http://web.archive.org/web/20230904232040/https://www.washingtontimes.com/news/national/
20230905234529,http://web.archive.org/web/20230905234529/https://www.washingtontimes.com/news/national/
20230907004359,http://web.archive.org/web/20230907004359/https://www.washingtontimes.com/news/national/
20230908013215,http://web.archive.org/web/20230908013215/https://www.washingtontimes.com/news/national/
20230910023252,http://web.archive.org/web/20230910023252/https://www.washingtontimes.com/news/national/
20230912042628,http://web.archive.org/web/20230912042628/https://www.washingtontimes.com/news/national/
20230913052745,http://web.archive.org/web/20230913052745/https://www.washingtontimes.com/news/national/
20230914064656,http://web.archive.org/web/20230914064656/https://www.washingtontimes.com/news/national/
20230916083723,http://web.archive.org/web/20230916083723/https://www.washingtontimes.com/news/national/
20230918101150,http://web.archive.org/web/20230918101150/https://www.washingtontimes.com/news/national/
20230919104700,http://web.archive.org/web/20230919104700/https://www.washingtontimes.com/news/national/
20230920112931,http://web.archive.org/web/20230920112931/https://www.washingtontimes.com/news/national/
20230921115356,http://web.archive.org/web/20230921115356/https://www.washingtontimes.com/news/national/
20230922122509,http://web.archive.org/web/20230922122509/https://www.washingtontimes.com/news/national/
20230923125337,http://web.archive.org/web/20230923125337/https://www.washingtontimes.com/news/national/
20230924132136,http://web.archive.org/web/20230924132136/https://www.washingtontimes.com/news/national/
20230925140621,http://web.archive.org/web/20230925140621/https://www.washingtontimes.com/news/national/
20230926143915,http://web.archive.org/web/20230926143915/https://www.washingtontimes.com/news/national/
20230927151907,http://web.archive.org/web/20230927151907/https://www.washingtontimes.com/news/national/
20230928173723,http://web.archive.org/web/20230928173723/https://www.washingtontimes.com/news/national/
20230929180203,http://web.archive.org/web/20230929180203/https://www.washingtontimes.com/news/national/
20230930184105,http://web.archive.org/web/20230930184105/https://www.washingtontimes.com/news/national/
20231001203006,http://web.archive.org/web/20231001203006/https://www.washingtontimes.com/news/national/
20231002210712,http://web.archive.org/web/20231002210712/https://www.washingtontimes.com/news/national/
20231003221230,http://web.archive.org/web/20231003221230/https://www.washingtontimes.com/news/national/
20231004230450,http://web.archive.org/web/20231004230450/https://www.washingtontimes.com/news/national/
20231005233357,http://web.archive.org/web/20231005233357/https://www.washingtontimes.com/news/national/
20231006235427,http://web.archive.org/web/20231006235427/https://www.washingtontimes.com/news/national/
20231008000251,http://web.archive.org/web/20231008000251/https://www.washingtontimes.com/news/national/
20231009001647,http://web.archive.org/web/20231009001647/https://www.washingtontimes.com/news/national/
20231010010111,http://web.archive.org/web/20231010010111/https://www.washingtontimes.com/news/national/
20231010020113,http://web.archive.org/web/20231010020113/https://www.washingtontimes.com/news/national/
20231012030346,http://web.archive.org/web/20231012030346/https://www.washingtontimes.com/news/national/
20231013035548,http://web.archive.org/web/20231013035548/https://www.washingtontimes.com/news/national/
20231014042312,http://web.archive.org/web/20231014042312/https://www.washingtontimes.com/news/national/
20231015051156,http://web.archive.org/web/20231015051156/https://www.washingtontimes.com/news/national/
20231016060520,http://web.archive.org/web/20231016060520/https://www.washingtontimes.com/news/national/
20231017073330,http://web.archive.org/web/20231017073330/https://www.washingtontimes.com/news/national/
20231018083001,http://web.archive.org/web/20231018083001/https://www.washingtontimes.com/news/national/
20231019091106,http://web.archive.org/web/20231019091106/https://www.washingtontimes.com/news/national/
20231021100357,http://web.archive.org/web/20231021100357/https://www.washingtontimes.com/news/national/
20231022104648,http://web.archive.org/web/20231022104648/https://www.washingtontimes.com/news/national/
20231023114353,http://web.archive.org/web/20231023114353/https://www.washingtontimes.com/news/national/
20231024123856,http://web.archive.org/web/20231024123856/https://www.washingtontimes.com/news/national/
20231025134802,http://web.archive.org/web/20231025134802/https://www.washingtontimes.com/news/national/
20231026163255,http://web.archive.org/web/20231026163255/https://www.washingtontimes.com/news/national/
20231027171319,http://web.archive.org/web/20231027171319/https://www.washingtontimes.com/news/national/
20231028174939,http://web.archive.org/web/20231028174939/https://www.washingtontimes.com/news/national/
20231030034412,http://web.archive.org/web/20231030034412/https://www.washingtontimes.com/news/national/
20231101003325,http://web.archive.org/web/20231101003325/https://www.washingtontimes.com/news/national/
20231102044902,http://web.archive.org/web/20231102044902/https://www.washingtontimes.com/news/national/
20231104062950,http://web.archive.org/web/20231104062950/https://www.washingtontimes.com/news/national/
20231105073756,http://web.archive.org/web/20231105073756/https://www.washingtontimes.com/news/national/
20231107084607,http://web.archive.org/web/20231107084607/https://www.washingtontimes.com/news/national/
20231108091044,http://web.archive.org/web/20231108091044/https://www.washingtontimes.com/news/national/
20231110100223,http://web.archive.org/web/20231110100223/https://www.washingtontimes.com/news/national/
20231111104510,http://web.archive.org/web/20231111104510/https://www.washingtontimes.com/news/national/
20231112113146,http://web.archive.org/web/20231112113146/https://www.washingtontimes.com/news/national/
20231113120709,http://web.archive.org/web/20231113120709/https://www.washingtontimes.com/news/national/
20231114123554,http://web.archive.org/web/20231114123554/https://www.washingtontimes.com/news/national/
20231115130006,http://web.archive.org/web/20231115130006/https://www.washingtontimes.com/news/national/
20231116135232,http://web.archive.org/web/20231116135232/https://www.washingtontimes.com/news/national/
20231117142355,http://web.archive.org/web/20231117142355/https://www.washingtontimes.com/news/national/
20231118151316,http://web.archive.org/web/20231118151316/https://www.washingtontimes.com/news/national/
20231119230536,http://web.archive.org/web/20231119230536/https://www.washingtontimes.com/news/national/
20231120164315,http://web.archive.org/web/20231120164315/https://www.washingtontimes.com/news/national/
20231121184453,http://web.archive.org/web/20231121184453/https://www.washingtontimes.com/news/national/
20231123030744,http://web.archive.org/web/20231123030744/https://www.washingtontimes.com/news/national/
20231123200050,http://web.archive.org/web/20231123200050/https://www.washingtontimes.com/news/national/
20231124205043,http://web.archive.org/web/20231124205043/https://www.washingtontimes.com/news/national/
20231125212339,http://web.archive.org/web/20231125212339/https://www.washingtontimes.com/news/national/
20231126220552,http://web.archive.org/web/20231126220552/https://www.washingtontimes.com/news/national/
20231128234602,http://web.archive.org/web/20231128234602/https://www.washingtontimes.com/news/national/
20231130003315,http://web.archive.org/web/20231130003315/https://www.washingtontimes.com/news/national/
20231201005441,http://web.archive.org/web/20231201005441/https://www.washingtontimes.com/news/national/
20231201023517,http://web.archive.org/web/20231201023517/https://www.washingtontimes.com/news/national/
20231203042506,http://web.archive.org/web/20231203042506/https://www.washingtontimes.com/news/national/
20231204045333,http://web.archive.org/web/20231204045333/https://www.washingtontimes.com/news/national/
20231205051503,http://web.archive.org/web/20231205051503/https://www.washingtontimes.com/news/national/
20231206034147,http://web.archive.org/web/20231206034147/https://www.washingtontimes.com/news/national/
20231207041800,http://web.archive.org/web/20231207041800/https://www.washingtontimes.com/news/national/
20231208054209,http://web.archive.org/web/20231208054209/https://www.washingtontimes.com/news/national/
20231209060436,http://web.archive.org/web/20231209060436/https://www.washingtontimes.com/news/national/
20231210065809,http://web.archive.org/web/20231210065809/https://www.washingtontimes.com/news/national/
20231211084948,http://web.archive.org/web/20231211084948/https://www.washingtontimes.com/news/national/
20231212091725,http://web.archive.org/web/20231212091725/https://www.washingtontimes.com/news/national/
20231213093802,http://web.archive.org/web/20231213093802/https://www.washingtontimes.com/news/national/
20231214123637,http://web.archive.org/web/20231214123637/https://www.washingtontimes.com/news/national/
20231215174438,http://web.archive.org/web/20231215174438/https://www.washingtontimes.com/news/national/
20231216140152,http://web.archive.org/web/20231216140152/https://www.washingtontimes.com/news/national/
20231217145059,http://web.archive.org/web/20231217145059/https://www.washingtontimes.com/news/national/
20231218150056,http://web.archive.org/web/20231218150056/https://www.washingtontimes.com/news/national/
20231220011553,http://web.archive.org/web/20231220011553/https://www.washingtontimes.com/news/national/
20231220160656,http://web.archive.org/web/20231220160656/https://www.washingtontimes.com/news/national/
20231221165628,http://web.archive.org/web/20231221165628/https://www.washingtontimes.com/news/national/
20231222173340,http://web.archive.org/web/20231222173340/https://www.washingtontimes.com/news/national/
20231223233159,http://web.archive.org/web/20231223233159/https://www.washingtontimes.com/news/national/
20231224184721,http://web.archive.org/web/20231224184721/https://www.washingtontimes.com/news/national/
20231225195944,http://web.archive.org/web/20231225195944/https://www.washingtontimes.com/news/national/
20231226204748,http://web.archive.org/web/20231226204748/https://www.washingtontimes.com/news/national/
20231227205850,http://web.archive.org/web/20231227205850/https://www.washingtontimes.com/news/national/
20231228212911,http://web.archive.org/web/20231228212911/https://www.washingtontimes.com/news/national/
20231229215536,http://web.archive.org/web/20231229215536/https://www.washingtontimes.com/news/national/
20231230231959,http://web.archive.org/web/20231230231959/https://www.washingtontimes.com/news/national/
20231231234307,http://web.archive.org/web/20231231234307/https://www.washingtontimes.com/news/national/
